id,name,slug,city,state,type,has_photos,has_contact,has_hours,has_amenities,issues
"a75774f4-9ffc-4899-91cd-a43ea6d8c613","St. Patrick's Cathedral","new-york-st-patrick-s-cathedral","New York","NY","Other","Yes","Yes","No","No","No hours; No amenities"
"864c13e2-f277-49c1-bbd0-ed37b4ebfe12","Meadows Museum","meadows-museum","Dallas","TX","museum","Yes","Yes","No","No","No hours; No amenities"
"6cebb11f-228d-483f-af2c-12950f5d1411","Houston Public Library - Central","houston-library-central","Houston","TX","library","Yes","No","No","Yes","No contact info; No hours"
"43b46665-c477-4912-a4ef-ddbaa33fb755","Houston Zoo","houston-zoo","Houston","TX","museum","Yes","Yes","No","Yes","No hours"
"7b9be98a-8edf-4722-a241-4851ec81aa0e","Children's Museum Houston","childrens-museum-houston","Houston","TX","museum","Yes","Yes","No","Yes","No hours"
"07abad3e-36d5-45e4-95c4-3fcd70c40f3f","Dallas Arboretum and Botanical Garden","dallas-arboretum","Dallas","TX","park","Yes","Yes","No","Yes","No hours"
"fc59c1d2-ec1d-4171-81b5-08dac4e84900","African American Museum of Dallas","african-american-museum-of-dallas","Dallas","TX","museum","Yes","Yes","No","No","No hours; No amenities"
"a4fdb449-2369-4faf-81e1-f8e5275ac197","Perot Museum of Nature and Science","perot-museum-of-nature-and-science","Dallas","TX","museum","Yes","Yes","Yes","No","No amenities"
"f41209cb-a5ed-4610-b336-9952bd325833","Menil Park","menil-park","Houston","TX","park","Yes","No","No","No","No contact info; No hours; No amenities"
"b4f96924-e501-4b82-9645-4e99dcb2aa11","Dallas Museum of Art","dallas-museum-of-art","Dallas","TX","museum","Yes","Yes","Yes","No","No amenities"
"c8607668-39d1-41a1-b8be-00d39666b9b1","Dallas Contemporary","dallas-contemporary","Dallas","TX","museum","Yes","Yes","Yes","No","No amenities"
"70fa532c-6d39-4ba3-a7a1-88fd1d2f2be0","Crow Museum of Asian Art of The University of Texas at Dallas","crow-museum-of-asian-art-of-the-university-of-texa","Dallas","TX","museum","Yes","Yes","Yes","No","No amenities"
"e7009995-91f3-4e15-beb3-fa7a7d68fd19","Dallas Public Library - Central","dallas-library-central","Dallas","TX","library","Yes","No","No","Yes","No contact info; No hours"
"6df35e29-3186-4ea1-b3cf-728d4dac7594","The Ann & Gabriel Barbier-Mueller Museum: The Samurai Collection","the-ann-gabriel-barbier-mueller-museum-the-samurai","Dallas","TX","museum","Yes","No","No","No","No contact info; No hours; No amenities"
"36c793df-ddc2-4c29-9d70-7baa27d11b6a","Frontiers of Flight Museum","frontiers-of-flight-museum","Dallas","TX","museum","Yes","Yes","Yes","No","No amenities"
"2fda1a73-a4f2-4525-81e1-14e24b4b9d9a","George W. Bush Presidential Center","george-w-bush-presidential-center","Dallas","TX","museum","Yes","No","No","No","No contact info; No hours; No amenities"
"915b28d7-28ed-4b36-a4b6-7cab30ad695a","Washington Square Park","new-york-washington-square-park","New York","NY","Park","Yes","Yes","Yes","No","No amenities"
"c22fb3e8-2f9f-4dcf-96ed-98b0b2aefb4a","City Park","city-park","Dallas","TX","museum","Yes","No","No","No","No contact info; No hours; No amenities"
"99645a99-44fc-48bb-8863-7dd2bc8ac111","Museum of Biblical Art National Center for Jewish Art Museum of Holocaust Art - 3 Museums in 1 Location!","museum-of-biblical-art-national-center-for-jewish-","Dallas","TX","museum","Yes","Yes","Yes","No","No amenities"
"fdf0f116-01e8-43a4-868b-f35064241987","The Sixth Floor Museum at Dealey Plaza","the-sixth-floor-museum-at-dealey-plaza","Dallas","TX","museum","Yes","Yes","Yes","No","No amenities"
"246b6c1b-3fda-4be2-8bfa-002e00b3cd78","Museum of Illusions","museum-of-illusions","Dallas","TX","museum","Yes","Yes","Yes","No","No amenities"
"e888fd98-a626-4461-81db-5dc05a24bd64","Nasher Sculpture Center","nasher-sculpture-center","Dallas","TX","museum","Yes","Yes","Yes","No","No amenities"
"b2e14024-831e-40d1-aecc-d94efddd11aa","Haas Moto Museum","haas-moto-museum","Dallas","TX","museum","Yes","No","No","No","No contact info; No hours; No amenities"
"22e3b369-4c34-48d6-9fc4-6328a0d38d2f","Titanic: The Exhibition","titanic-the-exhibition","Dallas","TX","museum","Yes","No","No","No","No contact info; No hours; No amenities"
"5fefad1f-354a-47b5-b535-f227acd6cc05","Dallas Firefighters Museum","dallas-firefighters-museum","Dallas","TX","museum","Yes","Yes","Yes","No","No amenities"
"88f7864a-ffc7-458b-a4a3-6d6407733dd9","Museum of Geometric and MADI Art","museum-of-geometric-and-madi-art","Dallas","TX","museum","Yes","No","No","No","No contact info; No hours; No amenities"
"8c6bf672-2e03-4b9d-bd56-f09ba04ffc65","Texas Fire Museum","texas-fire-museum","Dallas","TX","museum","Yes","Yes","Yes","No","No amenities"
"b31f5fb7-3541-406a-b238-846bded1dfc4","Flushing Meadows Corona Park","new-york-flushing-meadows-corona-park","New York","NY","Park","Yes","Yes","Yes","No","No amenities"
"8873cfbe-2641-4af7-b4b7-243e04494bb3","ICR Discovery Center","icr-discovery-center","Dallas","TX","museum","Yes","Yes","No","No","No hours; No amenities"
"ab8c3450-dda6-4751-8334-2021607bd14f","The Mustangs of Las Colinas Sculpture and Museum and Visitors Center","the-mustangs-of-las-colinas-sculpture-and-museum-a","Dallas","TX","museum","Yes","Yes","No","No","No hours; No amenities"
"60fdc435-14fa-448d-b546-f61a10823736","Dallas Historical Society","dallas-historical-society","Dallas","TX","museum","Yes","No","No","No","No contact info; No hours; No amenities"
"493697a6-a8b7-4a27-9ddf-af41a6b29dc8","Oswald Rooming House Museums","oswald-rooming-house-museums","Dallas","TX","museum","Yes","No","No","No","No contact info; No hours; No amenities"
"ba1db94f-7889-4fa4-a7c3-2062adfa1192","Play Street Museum - Plano","play-street-museum-plano","Dallas","TX","museum","Yes","Yes","No","No","No hours; No amenities"
"0b92e161-0311-4c6f-bc66-4834282ae9a3","Crayola Experience Plano","crayola-experience-plano","Dallas","TX","museum","Yes","Yes","Yes","No","No amenities"
"fdf3dd5b-1dd7-497d-9444-01e239028764","Northeast Texas Children's Museum","northeast-texas-children-s-museum","Dallas","TX","museum","Yes","No","No","No","No contact info; No hours; No amenities"
"c43e36b6-6d64-4b2e-82a1-23796a6e6cd6","Riverside Park","new-york-riverside-park","New York","NY","Park","Yes","Yes","Yes","No","No amenities"
"87929b12-ad9e-4aea-ae49-cc6672d525fb","Children's Aquarium Dallas at Fair Park","children-s-aquarium-dallas-at-fair-park","Dallas","TX","museum","Yes","Yes","Yes","No","No amenities"
"1f9df0ee-c997-430a-b065-066a29e5786b","Old Red Museum of Dallas County History & Culture","old-red-museum-of-dallas-county-history-culture","Dallas","TX","museum","Yes","Yes","No","No","No hours; No amenities"
"28cd61d7-165a-46c1-9b0f-33fcfc1590c4","Play Street Museum - Lake Highlands","play-street-museum-lake-highlands","Dallas","TX","museum","Yes","Yes","No","No","No hours; No amenities"
"cf6e1b95-5556-4dec-96b2-adaa7db88767","SPARK! Dallas","spark-dallas","Dallas","TX","museum","Yes","Yes","No","No","No hours; No amenities"
"425b7982-f6a5-4dab-8995-2f716e398c8f","Fort Worth Museum of Science and History","fort-worth-museum-of-science-and-history","Dallas","TX","museum","Yes","Yes","No","No","No hours; No amenities"
"cd3b5b93-4f48-4d17-9db0-ccd76f78f39d","Noble Planetarium","noble-planetarium","Dallas","TX","museum","Yes","Yes","No","No","No hours; No amenities"
"9511edcb-1e49-47d3-a920-dd4198053239","Mesquite ISD Russell Planetarium","mesquite-isd-russell-planetarium","Dallas","TX","museum","Yes","No","No","No","No contact info; No hours; No amenities"
"8afbce2a-1724-481a-8a03-61aaa53c09cd","UNT Sky Theater","unt-sky-theater","Dallas","TX","museum","Yes","Yes","No","No","No hours; No amenities"
"6cceda4c-a289-4c1b-9181-b81e2b881eb0","The Dallas World Aquarium","the-dallas-world-aquarium","Dallas","TX","museum","Yes","Yes","Yes","No","No amenities"
"c3a8b552-aec7-41d4-9cd4-0723bf640d77","UTA Planetarium","uta-planetarium","Dallas","TX","museum","Yes","Yes","Yes","No","No amenities"
"ae1a69c3-33ca-43ee-a25b-f340de9b5004","8008 Cedar Springs Rd Art Gallery","8008-cedar-springs-rd-art-gallery","Dallas","TX","museum","Yes","No","No","No","No contact info; No hours; No amenities"
"2b862db9-7e1a-4a04-b4bf-03faefc46e2e","Splash Pad","new-york-splash-pad","New York","NY","Recreation","Yes","No","No","No","No contact info; No hours; No amenities"
"d2c4e9a0-1ba6-42f1-aa62-f32f1dc288a0","Frisco Discovery Center","frisco-discovery-center","Dallas","TX","museum","Yes","No","No","No","No contact info; No hours; No amenities"
"88407391-f7b0-400c-8b10-2e51f43ce09a","Explorium Denton Children's Museum a Program of Denton County Friends of The Family.","explorium-denton-children-s-museum-a-program-of-de","Dallas","TX","museum","Yes","Yes","Yes","No","No amenities"
"9b176f08-d93c-4d2a-940c-a5b86c751073","John Carl Pogue Planetarium","john-carl-pogue-planetarium","Dallas","TX","museum","Yes","Yes","No","No","No hours; No amenities"
"a8e6d9ca-0600-4b67-9f7f-608f6341707f","Fort Bend County Libraries - Mission Bend Branch","fort-bend-county-libraries-mission-bend-branch","Houston","TX","library","Yes","No","No","No","No contact info; No hours; No amenities"
"68434ed9-6733-4505-b9b3-ce71e66d3596","Martin Luther King Branch Library","martin-luther-king-branch-library","Dallas","TX","library","Yes","Yes","No","No","No hours; No amenities"
"346fc514-16a2-4597-9d58-2133a618d823","Lakewood Branch Library","lakewood-branch-library","Dallas","TX","library","Yes","No","No","No","No contact info; No hours; No amenities"
"12ef3864-18fb-47e9-9337-dc015d343773","Dallas Statler Hilton","dallas-statler-hilton","Dallas","TX","library","Yes","Yes","No","No","No hours; No amenities"
"0e9c1d73-2da9-483d-9250-a0e3984f7232","Forest Green Branch Library","forest-green-branch-library","Dallas","TX","library","Yes","No","No","No","No contact info; No hours; No amenities"
"5de7e4c6-517b-4614-b0f4-7c57db62ed5e","The Library","the-library","Dallas","TX","library","Yes","No","No","No","No contact info; No hours; No amenities"
"20760a55-a2f9-49f4-9722-e7e7fd49808e","Dallas West Branch Library","dallas-west-branch-library","Dallas","TX","library","Yes","Yes","Yes","No","No amenities"
"3ceb5494-abdd-43ad-b3f1-d0f9ed6fa686","Highland Park Harvey R. "Bum" Bright Library","highland-park-harvey-r-bum-bright-library","Dallas","TX","library","Yes","No","No","No","No contact info; No hours; No amenities"
"87e74936-24f6-441a-9920-2f8e3cf64c47","North Oak Cliff Branch Library","north-oak-cliff-branch-library","Dallas","TX","library","Yes","No","No","No","No contact info; No hours; No amenities"
"4a4140e9-b29c-477c-bd43-264a6494e9a7","White Rock Hills Branch Library","white-rock-hills-branch-library","Dallas","TX","library","Yes","No","No","No","No contact info; No hours; No amenities"
"4f0ad10b-7da0-4255-a823-32457378acb3","Bachman Lake Branch Library","bachman-lake-branch-library","Dallas","TX","library","Yes","No","No","No","No contact info; No hours; No amenities"
"d2d84393-c38c-4b0e-b194-17acdd7d6a26","Oak Lawn Library","oak-lawn-library","Dallas","TX","library","Yes","No","No","No","No contact info; No hours; No amenities"
"f3f19468-db13-4052-bada-5454f240a0ed","Carnegie Hall","new-york-carnegie-hall","New York","NY","Other","Yes","Yes","No","No","No hours; No amenities"
"bf10362a-6c71-4331-a724-54456c1633a8","Lochwood Branch Library","lochwood-branch-library","Dallas","TX","library","Yes","Yes","Yes","No","No amenities"
"a158d6aa-9d04-487a-9093-68c4288e6c5a","Skyline Branch Library","skyline-branch-library","Dallas","TX","library","Yes","No","Yes","No","No contact info; No amenities"
"5e843863-44d8-4d4e-8e84-45546254de46","Audelia Road Branch Library","audelia-road-branch-library","Dallas","TX","library","Yes","Yes","Yes","No","No amenities"
"ed4e57e7-7b2a-4d8c-aa9b-8804fc4affe1","Preston Royal Branch Library","preston-royal-branch-library","Dallas","TX","library","Yes","Yes","Yes","No","No amenities"
"a2318708-26e0-418f-aae1-c1ec25ae33cf","Grauwyler Park Branch Library","grauwyler-park-branch-library","Dallas","TX","library","Yes","No","No","No","No contact info; No hours; No amenities"
"92789d7e-8568-42de-8bbc-f466e64a9cb5","Hampton-Illinois Branch Library","hampton-illinois-branch-library","Dallas","TX","library","Yes","No","No","No","No contact info; No hours; No amenities"
"33b4ff5f-a247-4f66-b30c-2d57be278b1b","Madison Square Park","new-york-madison-square-park","New York","NY","Park","Yes","Yes","Yes","No","No amenities"
"8bee0b50-2f2a-4039-a6ee-a9f6960de7d0","Polk-Wisdom Branch Library","polk-wisdom-branch-library","Dallas","TX","library","Yes","No","No","No","No contact info; No hours; No amenities"
"0e25f864-fad1-4565-8cc6-40225540638f","Highland Hills Branch Library","highland-hills-branch-library","Dallas","TX","library","Yes","No","No","No","No contact info; No hours; No amenities"
"710edd3a-eee9-4c02-b44c-b3f780084e56","Park Forest Branch Library","park-forest-branch-library","Dallas","TX","library","Yes","Yes","Yes","No","No amenities"
"44ad98c7-4557-4ea6-825c-2ff5390bf254","Fretz Park Branch Library","fretz-park-branch-library","Dallas","TX","library","Yes","Yes","Yes","No","No amenities"
"e33f9af4-e765-42ee-870f-c0cbfcc50481","Arcadia Park Branch Library","arcadia-park-branch-library","Dallas","TX","library","Yes","Yes","Yes","No","No amenities"
"6471cc1c-5945-42d2-857b-7d7a9dadb173","Prairie Creek Branch Library","prairie-creek-branch-library","Dallas","TX","library","Yes","No","No","No","No contact info; No hours; No amenities"
"c1a13b00-9eff-4572-ae45-8c545b6d623f","Paul Laurence Dunbar Lancaster-Kiest Branch Library","paul-laurence-dunbar-lancaster-kiest-branch-librar","Dallas","TX","library","Yes","No","No","No","No contact info; No hours; No amenities"
"4c3006e1-4191-4bc1-bbf7-9dae95ead938","Hamon Arts Library","hamon-arts-library","Dallas","TX","library","Yes","No","No","No","No contact info; No hours; No amenities"
"54dc8cf2-5c50-4a29-87b4-4116843a75ed","Renner Frankford Branch Library","renner-frankford-branch-library","Dallas","TX","library","Yes","No","No","No","No contact info; No hours; No amenities"
"ff83660b-d758-41f9-b236-e88cd35a6e94","Kleberg-Rylie Branch Library","kleberg-rylie-branch-library","Dallas","TX","library","Yes","No","No","No","No contact info; No hours; No amenities"
"edb219e4-0081-411c-a35a-faa496625b23","Walt Disney Concert Hall","los-angeles-walt-disney-concert-hall","Los Angeles","CA","Other","Yes","Yes","No","No","No hours; No amenities"
"be3306ee-c45e-4fa1-9622-fa30b6e3739a","Farmers Branch Manske Library","farmers-branch-manske-library","Dallas","TX","library","Yes","Yes","Yes","No","No amenities"
"c9a68d89-86e2-4e44-9382-68849cbc88b5","Bookmarks in NorthPark Center","bookmarks-in-northpark-center","Dallas","TX","library","Yes","Yes","No","No","No hours; No amenities"
"de082ea6-f26e-44d4-8f4a-9a2ddb1b82df","Mesquite Public Library North Branch","mesquite-public-library-north-branch","Dallas","TX","library","Yes","No","No","No","No contact info; No hours; No amenities"
"c48c5d14-cb7c-4b52-bb6a-9f149257a5a7","Timberglen Branch Library","timberglen-branch-library","Dallas","TX","library","Yes","No","No","No","No contact info; No hours; No amenities"
"ec6271e9-c684-4500-986d-ff5de126014a","Bridwell Library","bridwell-library","Dallas","TX","library","Yes","No","No","No","No contact info; No hours; No amenities"
"cb73c6de-9dc3-4834-ad3b-8c1e01ebe472","Mountain Creek Branch Library","mountain-creek-branch-library","Dallas","TX","library","Yes","No","No","No","No contact info; No hours; No amenities"
"fc218624-81bd-4196-acba-ee95ef4b0d28","Carrollton Public Library at Josey Ranch Lake","carrollton-public-library-at-josey-ranch-lake","Dallas","TX","library","Yes","No","No","No","No contact info; No hours; No amenities"
"9f427032-9c4e-4159-92ab-acf834f8029a","Eugene McDermott Library","eugene-mcdermott-library","Dallas","TX","library","Yes","No","No","No","No contact info; No hours; No amenities"
"63f0ff9b-0ea4-47ca-865b-fe9cf12961f0","Brooklyn Botanic Garden","new-york-brooklyn-botanic-garden","New York","NY","Park","Yes","Yes","Yes","No","No amenities"
"e63fcfd9-eecf-44eb-8525-f9d1bcdd72cf","South Irving Library","south-irving-library","Dallas","TX","library","Yes","Yes","Yes","No","No amenities"
"a608fae5-30a1-4f89-b37e-cc511d2186f4","Richardson Public Library","richardson-public-library","Dallas","TX","library","Yes","No","Yes","No","No contact info; No amenities"
"e859180d-8cc4-4900-a4f3-6dccc4c2ab8f","Dallas College Brookhaven Library","dallas-college-brookhaven-library","Dallas","TX","library","Yes","No","No","No","No contact info; No hours; No amenities"
"42b8870e-c6fd-46b6-8164-5b2ea25ff346","Mesquite Public Library","mesquite-public-library","Dallas","TX","library","Yes","No","No","No","No contact info; No hours; No amenities"
"55006378-6942-4b99-9260-e7e7679bdb09","Squatty Lyons Park","squatty-lyons-park","Houston","TX","park","Yes","No","No","No","No contact info; No hours; No amenities"
"42447faa-5b26-4d14-8075-c2c461e20934","Haggard Library","haggard-library","Dallas","TX","library","Yes","Yes","Yes","No","No amenities"
"7301dd3f-b246-4a7f-b12d-7fc01e653c62","North Garland Branch Library","north-garland-branch-library","Dallas","TX","library","Yes","No","No","No","No contact info; No hours; No amenities"
"6eaf29f8-3dce-4367-9488-e7671b96ba77","DeGolyer Library","degolyer-library","Dallas","TX","library","Yes","No","No","No","No contact info; No hours; No amenities"
"1855e955-c7c7-4301-a89b-7709dde564d3","South Garland Library","south-garland-library","Dallas","TX","library","Yes","No","No","No","No contact info; No hours; No amenities"
"9b462b1d-47d1-4a33-89fe-3ffc3a29a101","Johnny Steele Dog Park","johnny-steele-dog-park","Houston","TX","park","Yes","No","No","No","No contact info; No hours; No amenities"
"bd9b7e67-49e8-4aab-8e0a-0d858f797fd8","Griggs Park","griggs-park","Dallas","TX","park","Yes","No","No","No","No contact info; No hours; No amenities"
"907fe44b-54fa-4cb0-bf5b-1c45f792fbcd","Lakeside Park","lakeside-park","Dallas","TX","park","Yes","No","No","No","No contact info; No hours; No amenities"
"06f810cc-87f2-4e74-a329-5e3db116872b","Exall Park","exall-park","Dallas","TX","park","Yes","No","No","No","No contact info; No hours; No amenities"
"06f28381-63e2-4271-8bd4-c37e8f596a4c","Turtle Creek Park","turtle-creek-park","Dallas","TX","park","Yes","No","No","No","No contact info; No hours; No amenities"
"29d360e1-fe15-4d6c-83f4-9952f4f915bb","Championship Park","championship-park","Houston","TX","park","Yes","No","No","No","No contact info; No hours; No amenities"
"6bf3bd92-01bf-4ac2-be6e-e4d6133280b4","Glencoe Park","glencoe-park","Dallas","TX","park","Yes","No","No","No","No contact info; No hours; No amenities"
"d1acab28-a0ca-4ca2-9aed-c61b9097b64c","Cole Park","cole-park","Dallas","TX","park","Yes","No","No","No","No contact info; No hours; No amenities"
"e68325c4-6279-4957-a1e8-5503a5694b8e","Prather Park","prather-park","Dallas","TX","park","Yes","No","No","No","No contact info; No hours; No amenities"
"184a9f79-f513-4b24-a6ef-6b82db3c7b09","Cochran Park","cochran-park","Dallas","TX","park","Yes","No","No","No","No contact info; No hours; No amenities"
"fed12a25-6985-456d-91a0-bc15be482eae","Flippen Park","flippen-park","Dallas","TX","park","Yes","No","No","No","No contact info; No hours; No amenities"
"bc6d9187-58e5-4574-a8ab-5c2cfc64d4ee","The Painted Ladies","san-francisco-the-painted-ladies","San Francisco","CA","Other","Yes","Yes","No","No","No hours; No amenities"
"4c62a5c1-e8f3-45f2-bf08-fb9d31721209","Carpenter Park","carpenter-park","Dallas","TX","park","Yes","Yes","Yes","No","No amenities"
"147a671c-e0af-4d4f-be79-005770fd1955","Flag Pole Hill Park","flag-pole-hill-park","Dallas","TX","park","Yes","No","No","No","No contact info; No hours; No amenities"
"2ef01e37-0a9d-455e-ae50-d18769a1b2c0","Lake Cliff Park","lake-cliff-park","Dallas","TX","park","Yes","No","No","No","No contact info; No hours; No amenities"
"ce37a630-945d-4004-84d5-f5364e785a85","Lakewood Park","lakewood-park","Dallas","TX","park","Yes","No","No","No","No contact info; No hours; No amenities"
"afb606fe-5ecb-41aa-8b91-4bb37bb90676","Socrates Sculpture Park","new-york-socrates-sculpture-park","New York","NY","Museum","Yes","No","No","No","No contact info; No hours; No amenities"
"b11a0ee0-e72d-4ea1-9500-05895d1d9b0c","Willis C. Winters Park","willis-c-winters-park","Dallas","TX","park","Yes","Yes","No","No","No hours; No amenities"
"330f8e88-67b2-4a17-aad8-de9872275e2e","Garrett Park","garrett-park","Dallas","TX","park","Yes","Yes","No","No","No hours; No amenities"
"7873a2cd-2a79-4ebd-bab2-36887f215cd2","Rochester Park","rochester-park","Dallas","TX","park","Yes","No","No","No","No contact info; No hours; No amenities"
"a96ddb5b-44d5-4035-a07d-8e445d7ade88","Peter Pan Park","peter-pan-park","Dallas","TX","park","Yes","No","No","No","No contact info; No hours; No amenities"
"8e78769a-6c37-4aa5-acc9-2e225327f58b","Fort Bend County Libraries - Sugar Land Branch","fort-bend-county-libraries-sugar-land-branch","Houston","TX","library","Yes","No","No","No","No contact info; No hours; No amenities"
"56d24027-b5b0-4354-839a-a9545cedb243","Connor Park","connor-park","Dallas","TX","park","Yes","No","No","No","No contact info; No hours; No amenities"
"fe954dc6-022b-423e-a68a-45e6412b4846","Burleson Park","burleson-park","Dallas","TX","park","Yes","No","No","No","No contact info; No hours; No amenities"
"5db02001-ae0b-4b66-9822-ab4d6469d217","Lindsley Park","lindsley-park","Dallas","TX","park","Yes","No","No","No","No contact info; No hours; No amenities"
"a16069d7-371a-486c-9ac9-3bb855b9c1cb","Pasadena Public Library: Central","pasadena-public-library-central","Houston","TX","library","Yes","No","No","No","No contact info; No hours; No amenities"
"5eb75acf-3f67-4f07-bed9-087178346f1f","William B. Dean M.D. Park","william-b-dean-m-d-park","Dallas","TX","park","Yes","No","No","No","No contact info; No hours; No amenities"
"ed957dd4-ea99-478f-8175-e9dbd4fae48c","Oak Cliff Founders Park","oak-cliff-founders-park","Dallas","TX","park","Yes","No","No","No","No contact info; No hours; No amenities"
"00d0a56d-6345-4909-b4e4-43c2a2988fd3","Cheeky Monkeys - Casa Linda Dallas","cheeky-monkeys-casa-linda-dallas","Dallas","TX","park","Yes","No","No","No","No contact info; No hours; No amenities"
"90a483f9-9cd9-42d1-adcf-30b861530150","Playground","playground","Houston","TX","park","Yes","No","No","No","No contact info; No hours; No amenities"
"b6de01d9-8ba5-42d5-9ed2-119337f4b0e9","We Rock The Spectrum - Lakewood","we-rock-the-spectrum-lakewood","Dallas","TX","park","Yes","No","No","No","No contact info; No hours; No amenities"
"67eab624-90f4-4245-bc10-3a0b24a5d9df","Watermark Tree Fort","watermark-tree-fort","Dallas","TX","park","Yes","No","No","No","No contact info; No hours; No amenities"
"eca93bd2-30e8-4b91-a0c7-3233554eac4e","Design District Playground","design-district-playground","Dallas","TX","park","Yes","No","No","No","No contact info; No hours; No amenities"
"57448631-f7ae-4dcc-87df-5a4aa31dce83","Kidd Springs Park Playground","kidd-springs-park-playground","Dallas","TX","park","Yes","No","No","No","No contact info; No hours; No amenities"
"c211f05f-7368-4581-bd20-4b0a00450b04","The Frick Collection","new-york-the-frick-collection","New York","NY","Museum","Yes","No","Yes","No","No contact info; No amenities"
"f468caeb-2b0d-47a8-bf50-41c59874f329","White Rock Lake Stone Tables & Playground","white-rock-lake-stone-tables-playground","Dallas","TX","park","Yes","No","No","No","No contact info; No hours; No amenities"
"49cdecfd-93be-4ad1-b9f9-bfa0f5231801","Lake Highlands Park","lake-highlands-park","Dallas","TX","park","Yes","No","No","No","No contact info; No hours; No amenities"
"16274c2e-2078-4796-9f11-c021c0371455","Mini Playtime","mini-playtime","Dallas","TX","park","Yes","No","No","No","No contact info; No hours; No amenities"
"3bba1de4-6113-4b52-9323-a2975762efd6","McCree Park and Playground","mccree-park-and-playground","Dallas","TX","park","Yes","No","No","No","No contact info; No hours; No amenities"
"268a6840-bf94-41f1-8460-a5e039cb948f","Kids Kingdom","kids-kingdom","Dallas","TX","park","Yes","No","No","No","No contact info; No hours; No amenities"
"7a919396-37aa-4fb0-8f34-3a756fe46647","TMC Library (Texas Medical Center Library)","tmc-library-texas-medical-center-library","Houston","TX","library","Yes","No","No","No","No contact info; No hours; No amenities"
"138ea50c-863b-4010-8d9f-9af1109086b0","Casa Linda Park","casa-linda-park","Dallas","TX","park","Yes","No","No","No","No contact info; No hours; No amenities"
"8257be8c-69d2-4991-a676-ef656e160dac","Kidtopia","kidtopia","Dallas","TX","park","Yes","No","No","No","No contact info; No hours; No amenities"
"84a0d97e-eebd-4194-aa4e-ff4bb4d00a77","Bluff View Park","bluff-view-park","Dallas","TX","park","Yes","No","No","No","No contact info; No hours; No amenities"
"0ff54a98-044d-4598-a018-ca795d186feb","Oak Cliff Nature Preserve","oak-cliff-nature-preserve","Dallas","TX","park","Yes","No","No","No","No contact info; No hours; No amenities"
"37157f10-6463-413a-b2bb-68b0c149094f","Twelve Hills Nature Center","twelve-hills-nature-center","Dallas","TX","park","Yes","No","No","No","No contact info; No hours; No amenities"
"6ea8b171-c09e-40ff-b5be-4f7c4b5489ea","Fort Bend County Libraries - Missouri City Branch","fort-bend-county-libraries-missouri-city-branch","Houston","TX","library","Yes","No","No","No","No contact info; No hours; No amenities"
"6ac61f66-74e8-436c-8c6a-0b09a941243b","Contemporary Arts Museum Houston","contemporary-arts-museum-houston","Houston","TX","museum","Yes","Yes","Yes","No","No amenities"
"377415f5-fb2c-4998-83bc-8e00841daff5","The Museum of Fine Arts, Houston","the-museum-of-fine-arts-houston","Houston","TX","museum","Yes","No","No","No","No contact info; No hours; No amenities"
"5d019e8b-e605-4975-880e-03687ed4a66f","Holocaust Museum Houston","holocaust-museum-houston","Houston","TX","museum","Yes","Yes","Yes","No","No amenities"
"070ea4d6-28c6-4c2c-9798-9188db2188f0","Czech Center Museum Houston","czech-center-museum-houston","Houston","TX","museum","Yes","Yes","No","No","No hours; No amenities"
"b751d9d9-b6a9-479a-b66e-a88cffed3c1c","Bayou Bend Collection and Gardens, Museum of Fine Arts, Houston","bayou-bend-collection-and-gardens-museum-of-fine-a","Houston","TX","museum","Yes","No","No","No","No contact info; No hours; No amenities"
"4136ffa3-d4be-4567-9607-b78d89378b32","Midtown Park","midtown-park","Houston","TX","park","Yes","No","No","No","No contact info; No hours; No amenities"
"6851ad99-fe29-4f1c-bc6c-3f65907bee72","Talbot Research Library","philadelphia-talbot-research-library","Philadelphia","PA","Library","Yes","No","No","No","No contact info; No hours; No amenities"
"6b25f523-3c2f-4f30-b4a2-829fed48f83f","Hollywood Bowl","los-angeles-hollywood-bowl","Los Angeles","CA","Other","Yes","Yes","No","No","No hours; No amenities"
"2d0d52bd-51e0-470e-ab9d-bfc3ff2f420d","The Heritage Society at Sam Houston Park","the-heritage-society-at-sam-houston-park","Houston","TX","museum","Yes","Yes","No","No","No hours; No amenities"
"a05ba98c-d968-488b-994c-c12fa12f34be","Color Factory Houston","color-factory-houston","Houston","TX","museum","Yes","No","No","No","No contact info; No hours; No amenities"
"6cba5035-30da-4a0e-a097-b5e0c6fe10a3","Burke Baker Planetarium","burke-baker-planetarium","Houston","TX","museum","Yes","Yes","Yes","No","No amenities"
"c27c273f-b983-4876-b23d-9ea137b1cbd6","Harrisburg Art Museum","harrisburg-art-museum","Houston","TX","museum","Yes","Yes","No","No","No hours; No amenities"
"9f2d02b7-dedf-4e24-b826-5cc84a6558b5","Space Center Houston","space-center-houston","Houston","TX","museum","Yes","Yes","No","No","No hours; No amenities"
"5bc878fc-7b88-46da-b1ca-689d71f31a77","ARTECHOUSE Houston","artechouse-houston","Houston","TX","museum","Yes","No","No","No","No contact info; No hours; No amenities"
"60574927-c5a4-46db-9899-2815d25ada35","Alexander Deussen Park","alexander-deussen-park","Houston","TX","park","Yes","No","No","No","No contact info; No hours; No amenities"
"4e97be2f-e2c3-47b0-89e3-0949a683f4fb","Pier 57","new-york-pier-57","New York","NY","Park","Yes","No","Yes","No","No contact info; No amenities"
"0f6e33f6-015a-461b-9519-8aabbf626027","Blaffer Art Museum","blaffer-art-museum","Houston","TX","museum","Yes","Yes","Yes","No","No amenities"
"c40d3071-5e01-4d33-a20b-367f158142d6","Houston Public Library - Central Library","houston-public-library-central-library","Houston","TX","library","Yes","No","No","No","No contact info; No hours; No amenities"
"adc85591-626f-428d-be67-0a69ccdfde85","Mason Park","mason-park","Houston","TX","park","Yes","No","No","No","No contact info; No hours; No amenities"
"6eda80b0-d438-44ec-8d0f-f184623f88e7","Looscan Neighborhood Library","looscan-neighborhood-library","Houston","TX","library","Yes","Yes","No","No","No hours; No amenities"
"a7b8f48e-61d5-45c4-85ff-d6dec141bbdf","Robinson-Westchase Neighborhood Library","robinson-westchase-neighborhood-library","Houston","TX","library","Yes","Yes","Yes","No","No amenities"
"557283c6-6ced-47d3-9a76-bec4e914be1a","Montrose Library","montrose-library","Houston","TX","library","Yes","Yes","No","No","No hours; No amenities"
"e357db0c-b296-47a2-8379-fdd8871b2234","Reader Development","philadelphia-reader-development","Philadelphia","PA","Library","Yes","Yes","Yes","No","No amenities"
"7012a362-11a4-4d3e-bfd8-b5373a3f91c3","Walter Neighborhood Library","walter-neighborhood-library","Houston","TX","library","Yes","Yes","No","No","No hours; No amenities"
"c609fa57-485f-44aa-94fd-41aa331ad827","West University Branch Library","west-university-branch-library","Houston","TX","library","Yes","No","No","No","No contact info; No hours; No amenities"
"447e974c-c0d1-45ac-a562-b02cc7ca2c97","Bill Hodges Gallery","new-york-bill-hodges-gallery","New York","NY","Museum","Yes","Yes","Yes","No","No amenities"
"8a53ad65-eca2-4ec2-bebf-05504033743f","Jonathan LeVine Projects","new-york-jonathan-levine-projects","New York","NY","Museum","Yes","No","Yes","No","No contact info; No amenities"
"8e5b3f61-05ab-4521-bd2b-70787548b789","High Meadows Branch Library","high-meadows-branch-library","Houston","TX","library","Yes","Yes","Yes","No","No amenities"
"c9636cb0-d9e8-44bd-a3d9-23fc6baf59f6","Shepard-Acres Homes Neighborhood Library","shepard-acres-homes-neighborhood-library","Houston","TX","library","Yes","Yes","No","No","No hours; No amenities"
"753c94ae-8c05-4f76-bbf3-842e8f9ca0dc","American Museum of Natural History","new-york-american-museum-of-natural-history","New York","NY","Museum","Yes","Yes","Yes","No","No amenities"
"15cf6a9e-1fd2-40b4-a251-fcb34e07a691","TECHLink Dixon","techlink-dixon","Houston","TX","library","Yes","No","No","No","No contact info; No hours; No amenities"
"543c7b8d-2929-4457-8ce4-9d6502871316","Julia Ideson Building","julia-ideson-building","Houston","TX","library","Yes","No","No","No","No contact info; No hours; No amenities"
"dd7fd115-c106-4013-8d9a-c355af72cabb","Houston Public Library Foundation","houston-public-library-foundation","Houston","TX","library","Yes","No","No","No","No contact info; No hours; No amenities"
"4c166714-bb01-4d8b-8662-24e2043b33a1","Sundaram Tagore Gallery","new-york-sundaram-tagore-gallery","New York","NY","Museum","Yes","Yes","Yes","No","No amenities"
"fae1e120-e54f-49ea-9c1f-866c43b4bad0","Rose Bowl Stadium","los-angeles-rose-bowl-stadium","Los Angeles","CA","Other","Yes","No","Yes","No","No contact info; No amenities"
"d9ecf1ef-7b02-421c-9392-1ed0540727d8","Universal CityWalk Hollywood","los-angeles-universal-citywalk-hollywood","Los Angeles","CA","Other","Yes","No","No","No","No contact info; No hours; No amenities"
"eddfd40e-0264-4554-a96a-28a6931722cc","Public library","public-library","Houston","TX","library","Yes","Yes","No","No","No hours; No amenities"
"3d829383-fd09-40c0-bc49-a8a79ba39cba","Aldine Branch Library","aldine-branch-library","Houston","TX","library","Yes","Yes","No","No","No hours; No amenities"
"1271c423-9cfa-4931-9b76-5ccd753650bf","Katherine Tyra Branch Library","katherine-tyra-branch-library","Houston","TX","library","Yes","Yes","Yes","No","No amenities"
"bfa9e526-0e82-4398-9eec-e6eb32eb43de","Fairbanks Library","fairbanks-library","Houston","TX","library","Yes","Yes","No","No","No hours; No amenities"
"778724c7-cb68-463d-889b-e4a428bc0ad4","Austin Visitor Center","austin-austin-visitor-center","Austin","TX","Other","Yes","No","Yes","No","No contact info; No amenities"
"975f6b47-36d2-4e67-a7f3-1eca7a1dbf94","Bryn Mawr Film Institute","philadelphia-bryn-mawr-film-institute","Philadelphia","PA","Movie Theater","Yes","Yes","No","No","No hours; No amenities"
"915edeec-e627-4187-bce1-ea9fc0c74535","Parker Williams Library","parker-williams-library","Houston","TX","library","Yes","Yes","No","No","No hours; No amenities"
"6b953aa9-6641-4c99-80f4-593f7dea19e5","Jacinto City Library","jacinto-city-library","Houston","TX","library","Yes","Yes","No","No","No hours; No amenities"
"0ebab201-7280-4343-8c4a-4f725abbe4c8","The Ballroom @ Spiderhouse","austin-the-ballroom-spiderhouse","Austin","TX","Museum","Yes","No","No","No","No contact info; No hours; No amenities"
"9630e120-9acf-430c-a8da-ed3a5e4e985a","La Luz De Jesus Gallery","los-angeles-la-luz-de-jesus-gallery","Los Angeles","CA","Museum","Yes","Yes","Yes","No","No amenities"
"6133f34d-fe92-48ef-87e0-ed1e8ae2df58","Pasadena Public Library: Fairmont","pasadena-public-library-fairmont","Houston","TX","library","Yes","No","No","No","No contact info; No hours; No amenities"
"7b4ee5ab-7c94-456d-bb52-e1cf7d592244","McCrane-Kashmere Gardens Neighborhood Library","mccrane-kashmere-gardens-neighborhood-library","Houston","TX","library","Yes","Yes","No","No","No hours; No amenities"
"b15bb4fc-ae4f-43bf-8c93-d1cbbf37023c","HCC West Loop Campus Library","hcc-west-loop-campus-library","Houston","TX","library","Yes","No","No","No","No contact info; No hours; No amenities"
"257e5b4a-39f2-4773-a148-60868f4e238f","Tranquillity Park","tranquillity-park","Houston","TX","park","Yes","Yes","No","No","No hours; No amenities"
"4fee012c-66da-4535-8823-5503ddc2ffe9","Levy Park","levy-park","Houston","TX","park","Yes","No","No","No","No contact info; No hours; No amenities"
"960a74a8-2ee2-4ffb-8ff1-eb7145affc8d","Eleanor Tinsley Park","eleanor-tinsley-park","Houston","TX","park","Yes","No","No","No","No contact info; No hours; No amenities"
"a35f32db-db1e-488e-9c6e-2b9f39b00665","Smither Park","smither-park","Houston","TX","park","Yes","No","No","No","No contact info; No hours; No amenities"
"90a3f211-0d3a-4e82-855c-0d0b6cdbf514","FastFrame North - Custom Frame Shop","austin-fastframe-north-custom-frame-shop","Austin","TX","Museum","Yes","No","Yes","No","No contact info; No amenities"
"b5e8a09a-5636-45ab-90f7-7d0954e6d1c0","Bayland Park","bayland-park","Houston","TX","park","Yes","Yes","No","No","No hours; No amenities"
"3898a6c8-6152-45fa-ac9d-d4ee6e88a0eb","McGovern Centennial Gardens","mcgovern-centennial-gardens","Houston","TX","park","Yes","Yes","No","No","No hours; No amenities"
"a89ffdf6-ce42-4713-b49d-d29e08b5c706","ParkHouston","parkhouston","Houston","TX","park","Yes","No","No","No","No contact info; No hours; No amenities"
"cf549e15-8a16-4862-8af9-6160e971eecf","Stude Park","stude-park","Houston","TX","park","Yes","No","No","No","No contact info; No hours; No amenities"
"3818cfb5-0107-4e24-b82e-2598ba59abfb","Armory Center For the Arts","los-angeles-armory-center-for-the-arts","Los Angeles","CA","Museum","Yes","No","Yes","No","No contact info; No amenities"
"7005cba6-ceb0-4483-a6aa-73604db33765","Schwartz Park","schwartz-park","Houston","TX","park","Yes","No","No","No","No contact info; No hours; No amenities"
"9c2c492c-baea-4e7a-bce6-889a749322e9","George T. Nelson Park (Yellowstone Park)","george-t-nelson-park-yellowstone-park","Houston","TX","park","Yes","No","No","No","No contact info; No hours; No amenities"
"2b693107-4f1d-4768-a443-234d0553d933","Earl Henderson Park","earl-henderson-park","Houston","TX","park","Yes","No","No","No","No contact info; No hours; No amenities"
"d3ec97af-064e-4af2-8c10-9d624f0d11e2","Autry Park","autry-park","Houston","TX","park","Yes","No","No","No","No contact info; No hours; No amenities"
"6c6856f0-085f-4225-87af-84a77dcdfbe7","Marilyn Rea Nasky, Austin Artspace","austin-marilyn-rea-nasky-austin-artspace","Austin","TX","Museum","Yes","No","Yes","No","No contact info; No amenities"
"14c84646-dd36-4af1-b88b-bc3ee6795206","Mandell Park","mandell-park","Houston","TX","park","Yes","No","No","No","No contact info; No hours; No amenities"
"06d486ba-8938-463e-8408-f09184e7538f","Bayou Parkland","bayou-parkland","Houston","TX","park","Yes","No","No","No","No contact info; No hours; No amenities"
"5e8ac704-3fd7-4820-9c65-6ef344e4522d","Cleveland Park","cleveland-park","Houston","TX","park","Yes","No","No","No","No contact info; No hours; No amenities"
"a2472f19-9f62-44f9-a8b3-03c7897d2e7c","White Oak Bayou Greenway","white-oak-bayou-greenway","Houston","TX","park","Yes","No","No","No","No contact info; No hours; No amenities"
"02dd9ce7-2f87-4567-a461-b41cb9584d6a","Buffalo Bend Nature Park","buffalo-bend-nature-park","Houston","TX","park","Yes","No","No","No","No contact info; No hours; No amenities"
"02013bc2-3fac-4275-8d39-9353d67a214f","Regen Projects","los-angeles-regen-projects","Los Angeles","CA","Museum","Yes","No","Yes","No","No contact info; No amenities"
"0ee5797c-2ea2-4ec4-9d3f-50bad08fa99c","Giant Robot Store","los-angeles-giant-robot-store","Los Angeles","CA","Museum","Yes","Yes","Yes","No","No amenities"
"ae3a968e-97fd-4b10-a0ac-103bfe211816","Settegast Park","settegast-park","Houston","TX","park","Yes","Yes","No","No","No hours; No amenities"
"bc61b6cb-edc6-43b5-9762-dbdcf90d4c80","Swiney Park","swiney-park","Houston","TX","park","Yes","No","No","No","No contact info; No hours; No amenities"
"c628f324-42b3-4be3-b934-b00e23f4bfaa","Picnic Loop","picnic-loop","Houston","TX","park","Yes","No","No","No","No contact info; No hours; No amenities"
"4d65dd4c-b183-48a7-a423-ebe6af528cea","Cool School Neighborhood Park at Sam Houston Elementary","cool-school-neighborhood-park-at-sam-houston-eleme","Houston","TX","park","Yes","No","No","No","No contact info; No hours; No amenities"
"af1a26fd-dfe4-4a6d-932e-54838cff1076","Blue Genie Art Bazaar","austin-blue-genie-art-bazaar","Austin","TX","Museum","Yes","No","Yes","No","No contact info; No amenities"
"6a421bad-7703-4e44-9839-3688d2fb1b58","Parkwood Park","parkwood-park","Houston","TX","park","Yes","No","No","No","No contact info; No hours; No amenities"
"8bcdeefc-4e7a-4ef3-8b17-621e7fe07095","Houston Gardens Park","houston-gardens-park","Houston","TX","park","Yes","No","No","No","No contact info; No hours; No amenities"
"37403f69-9d73-41e8-95b4-938fe428bc3e","Old Braeswood Park","old-braeswood-park","Houston","TX","park","Yes","No","No","No","No contact info; No hours; No amenities"
"fc026ec9-7b39-412e-8c1f-98b028da0eba","The Playground","the-playground","Houston","TX","park","Yes","No","No","No","No contact info; No hours; No amenities"
"8a01cdc7-1b70-49f8-9716-0b360b3e2401","Jean-Marc Fray French Antiques","austin-jean-marc-fray-french-antiques","Austin","TX","Museum","Yes","No","Yes","No","No contact info; No amenities"
"cf299cb9-5fa8-420c-8ccd-d423b7f06878","Space Adventure","space-adventure","Houston","TX","park","Yes","Yes","Yes","No","No amenities"
"2e452e6f-9e0d-44b9-a0f4-3493bb809e26","Pumpkin Park","pumpkin-park","Houston","TX","park","Yes","No","No","No","No contact info; No hours; No amenities"
"a2093215-5437-4ebd-9344-52444796c5bd","Herman Park Playground (The Commons)","herman-park-playground-the-commons","Houston","TX","park","Yes","No","No","No","No contact info; No hours; No amenities"
"47d37046-3241-4f44-b2d7-711241dc8eaa","Children's Playground","children-s-playground","Houston","TX","park","Yes","No","No","No","No contact info; No hours; No amenities"
"fe7eba2d-a332-4cb0-83ff-70b2d76cce94","Pace Gallery","los-angeles-pace-gallery","Los Angeles","CA","Museum","Yes","Yes","Yes","No","No amenities"
"50dc7faa-ae86-435e-a67a-b7ac0e2352ba","George Bush Park Childrens Playground","george-bush-park-childrens-playground","Houston","TX","park","Yes","No","No","No","No contact info; No hours; No amenities"
"c860e3dd-0fe1-4a28-8bd7-f984b4a67924","Moody Park Playground","moody-park-playground","Houston","TX","park","Yes","No","No","No","No contact info; No hours; No amenities"
"04598f7d-9f00-41aa-91ee-eb5b9c076dfc","The Rocket","the-rocket","Houston","TX","park","Yes","No","No","No","No contact info; No hours; No amenities"
"b11c1ec7-cd0c-4e54-a63d-b411c407374a","Northwest Playground","northwest-playground","Houston","TX","park","Yes","No","No","No","No contact info; No hours; No amenities"
"7a6dedc2-cb39-4452-b98a-9bc4a2e5efd5","Memorial Park","memorial-park","Houston","TX","park","Yes","No","No","No","No contact info; No hours; No amenities"
"aaef00f8-e8f8-4790-94d7-fd11cd1f2c6f","Solomon R. Guggenheim Museum","new-york-solomon-r-guggenheim-museum","New York","NY","Museum","Yes","Yes","Yes","No","No amenities"
"96eae58d-18f9-4baa-b2ae-dc394d90dd99","Intrepid Museum","new-york-intrepid-museum","New York","NY","Museum","Yes","Yes","Yes","No","No amenities"
"b8812ba0-39c1-4ff9-92bd-a67bd329ba95","Westview Landing Playground","westview-landing-playground","Houston","TX","park","Yes","No","No","No","No contact info; No hours; No amenities"
"d8c726ea-597a-49e6-b758-3f36ecd20bc6","Dunlavy Park","dunlavy-park","Houston","TX","park","Yes","No","No","No","No contact info; No hours; No amenities"
"7d100a7a-2b82-4c73-afe7-f956b9035821","Travis Spark Park","travis-spark-park","Houston","TX","park","Yes","No","No","No","No contact info; No hours; No amenities"
"32cdb657-d593-4326-8074-3817779d8c8c","Baldwin Park","baldwin-park","Houston","TX","park","Yes","No","No","No","No contact info; No hours; No amenities"
"7a0ede4b-d85b-4844-8c36-cea461c22387","Hackberry Park","hackberry-park","Houston","TX","park","Yes","No","No","No","No contact info; No hours; No amenities"
"667ca69e-f569-479b-a88d-b0af60fc33a9","Museum of Sex","new-york-museum-of-sex","New York","NY","Museum","Yes","Yes","Yes","No","No amenities"
"6373ffbb-5623-4ffb-b2f4-f7296ba6f8ea","Dallas Zoo","dallas-zoo","Dallas","TX","museum","Yes","No","No","Yes","No contact info; No hours"
"a1676c26-237b-46f9-8517-f71a01491dbd","Fondren Library","fondren-library","Dallas","TX","library","Yes","Yes","No","No","No hours; No amenities"
"bca594b0-5032-4029-8707-254a87c08e07","Rainbow Vomit","rainbow-vomit","Dallas","TX","museum","Yes","No","No","No","No contact info; No hours; No amenities"
"f4f85290-331b-40e7-bb74-cd08c6df056e","Haas Motorcycle Gallery at Dragon","haas-motorcycle-gallery-at-dragon","Dallas","TX","museum","Yes","No","No","No","No contact info; No hours; No amenities"
"e1df4a5b-cee7-4ee7-97fa-5599d0aaf72d","Play Street Museum - Murphy","play-street-museum-murphy","Dallas","TX","museum","Yes","No","No","No","No contact info; No hours; No amenities"
"401b91ad-2f26-479d-aacd-f8b2e9112a8d","J. Erik Jonsson Central Library","j-erik-jonsson-central-library","Dallas","TX","library","Yes","No","No","No","No contact info; No hours; No amenities"
"21a32094-1c16-4763-9bb7-bb519a30feb7","Pleasant Grove Branch Library","pleasant-grove-branch-library","Dallas","TX","library","Yes","No","No","No","No contact info; No hours; No amenities"
"fd0134b8-08e6-4374-9963-3c9c252cb829","Madame Tussauds New York","new-york-madame-tussauds-new-york","New York","NY","Museum","Yes","Yes","Yes","No","No amenities"
"e866ecb6-5440-41f8-8a55-8abe5f43b649","Dallas Holocaust and Human Rights Museum","dallas-holocaust-and-human-rights-museum","Dallas","TX","museum","Yes","Yes","Yes","No","No amenities"
"264c480d-3ab0-4525-9879-cbf258cfe9c6","Dallas College Richland Campus Library","dallas-college-richland-campus-library","Dallas","TX","library","Yes","No","No","No","No contact info; No hours; No amenities"
"8f0d9b10-eb35-494a-8bcb-a6d99d254ae2","Walnut Creek Branch Library","walnut-creek-branch-library","Dallas","TX","library","Yes","No","No","No","No contact info; No hours; No amenities"
"db641ef6-6166-4122-a735-568b9737aeee","Garland Central Library","garland-central-library","Dallas","TX","library","Yes","No","No","No","No contact info; No hours; No amenities"
"98efc931-4304-4ef6-a7c1-a25a25baab3b","University Park Public Library","university-park-public-library","Dallas","TX","library","Yes","Yes","No","No","No hours; No amenities"
"66f62950-b605-49ee-ab9b-2cba64edc161","Brooklyn Museum","new-york-brooklyn-museum","New York","NY","Museum","Yes","Yes","Yes","No","No amenities"
"9066d645-95ba-4093-b15c-c6e0eaae66af","DeSoto Public Library","desoto-public-library","Dallas","TX","library","Yes","No","No","No","No contact info; No hours; No amenities"
"83fe3faa-60ec-448c-a216-ed732d96a3e5","Duda Family Business Library","duda-family-business-library","Dallas","TX","library","Yes","No","No","No","No contact info; No hours; No amenities"
"fcc2ea59-ff60-441e-9862-df19ba8c501f","Crawford Memorial Park","crawford-memorial-park","Dallas","TX","park","Yes","No","No","No","No contact info; No hours; No amenities"
"078156e1-6822-421a-bbb2-d03380e1df7c","Frisco Public Library","frisco-public-library","Dallas","TX","library","Yes","Yes","Yes","No","No amenities"
"346c17dd-fb45-46cf-af39-7a20ede859b1","Arlington Public Library - Northeast Branch","arlington-public-library-northeast-branch","Dallas","TX","library","Yes","No","No","No","No contact info; No hours; No amenities"
"b6eaafe8-450d-461e-afc4-76a71f98b239","White Rock Lake Park","white-rock-lake-park","Dallas","TX","park","Yes","No","No","No","No contact info; No hours; No amenities"
"089dfc18-83ce-41fa-a462-39da0bd325c3","Main Street Garden Park","main-street-garden-park","Dallas","TX","park","Yes","No","No","No","No contact info; No hours; No amenities"
"e57889ca-5806-47fb-9693-5d49d348d663","Trammell Crow Park","trammell-crow-park","Dallas","TX","park","Yes","No","No","No","No contact info; No hours; No amenities"
"1ae6dbfd-e603-4bd2-b715-25d37ade448b","Oak Lawn Park","oak-lawn-park","Dallas","TX","park","Yes","No","No","No","No contact info; No hours; No amenities"
"f4fe1ba6-2651-4641-96b3-c333c2f350b8","Civic Garden","civic-garden","Dallas","TX","park","Yes","No","No","No","No contact info; No hours; No amenities"
"66e609aa-fd7a-49cd-ba44-67c777629df4","Centennial Park","centennial-park","Dallas","TX","park","Yes","No","No","No","No contact info; No hours; No amenities"
"18f17212-0f0f-4659-afe6-9bf7f9774aa6","Reverchon Park","reverchon-park","Dallas","TX","park","Yes","No","No","No","No contact info; No hours; No amenities"
"c4ae90fb-206c-44c7-8bd4-87292478e8e9","Kidd Springs Park","kidd-springs-park","Dallas","TX","park","Yes","No","No","No","No contact info; No hours; No amenities"
"853c760e-e935-45ef-94e0-155cd90df3b5","Central Square Park","central-square-park","Dallas","TX","park","Yes","No","No","No","No contact info; No hours; No amenities"
"fad3327b-b171-4b21-8da2-a7232362930a","Caruth Park","caruth-park","Dallas","TX","park","Yes","No","No","No","No contact info; No hours; No amenities"
"8081fefb-0786-43ac-8800-a048e79d776e","Samuell-Grand Park","samuell-grand-park","Dallas","TX","park","Yes","No","No","No","No contact info; No hours; No amenities"
"6cdee6c1-6f46-4d0d-8819-c4282940222d","Harwood Park","harwood-park","Dallas","TX","park","Yes","No","No","No","No contact info; No hours; No amenities"
"b33630ed-50bb-4231-abef-cd77f466f767","Abbott Park-highland park","abbott-park-highland-park","Dallas","TX","park","Yes","No","No","No","No contact info; No hours; No amenities"
"6935b293-f15c-4433-b5d1-314dd62001e6","Pacific Plaza","pacific-plaza","Dallas","TX","park","Yes","No","No","No","No contact info; No hours; No amenities"
"83114ecc-5593-469c-be12-6fe4538608ee","Fair Park","fair-park","Dallas","TX","park","Yes","No","No","No","No contact info; No hours; No amenities"
"b5f7e9d7-ced4-41fa-80a8-ab5f3ddf2ed8","Explore the Wild! Nature Play Area","houston-explore-the-wild-nature-play-area","Houston","TX","Zoo","Yes","Yes","No","No","No hours; No amenities"
"5ef74829-dac7-47fa-915e-dbb8929cecd7","Turtle Creek Parkway Park","turtle-creek-parkway-park","Dallas","TX","park","Yes","No","No","No","No contact info; No hours; No amenities"
"f9a645e6-f640-409b-845b-945d7fff321d","Bachman Lake Park","bachman-lake-park","Dallas","TX","park","Yes","No","No","No","No contact info; No hours; No amenities"
"d583b912-0d58-442f-8aa1-8086c430da72","Preston Hollow Park","preston-hollow-park","Dallas","TX","park","Yes","No","No","No","No contact info; No hours; No amenities"
"4fc79dbe-8708-4ce2-ab95-fc54b3b8ae35","Bark Park Central","bark-park-central","Dallas","TX","park","Yes","Yes","No","No","No hours; No amenities"
"6ad407ef-3194-4b98-af83-c09406389bdb","David Zwirner","new-york-david-zwirner","New York","NY","Museum","Yes","Yes","Yes","No","No amenities"
"9a206ea1-51c1-4ce7-a22f-a43143340c41","Craddock Park","craddock-park","Dallas","TX","park","Yes","No","No","No","No contact info; No hours; No amenities"
"253cbce9-b555-4982-8abc-8e9b71eb6623","Vitruvian Park","vitruvian-park","Dallas","TX","park","Yes","No","No","No","No contact info; No hours; No amenities"
"1cfd9f7a-8734-4dc9-8e0f-f70cfaae3649","Teddy Bear Statues in Lakeside Park","teddy-bear-statues-in-lakeside-park","Dallas","TX","park","Yes","No","No","No","No contact info; No hours; No amenities"
"f74d0c05-8566-4006-940b-0058c59a1c1c","West End Square","west-end-square","Dallas","TX","park","Yes","No","No","No","No contact info; No hours; No amenities"
"e9eac84d-69b1-454a-94b2-2b1cfb3ffa65","New Museum","new-york-new-museum","New York","NY","Museum","Yes","Yes","Yes","No","No amenities"
"a39c4b54-6bde-4eb2-9f2e-d6c04be2c87f","The Morgan Library & Museum","new-york-the-morgan-library-museum","New York","NY","Museum","Yes","Yes","Yes","No","No amenities"
"27ecf4d4-d532-4d8f-95f4-c6aeaf26dc52","Harry S Moss Park","harry-s-moss-park","Dallas","TX","park","Yes","No","No","No","No contact info; No hours; No amenities"
"f8196a0e-624b-43f6-b02d-3fce8376658e","Pike Park","pike-park","Dallas","TX","park","Yes","No","No","No","No contact info; No hours; No amenities"
"ffea1caa-2a11-4ce6-a73f-8b47d9db60c2","Curtis Park","curtis-park","Dallas","TX","park","Yes","No","No","No","No contact info; No hours; No amenities"
"043aaa98-cb08-4e57-90b5-362e3c8befee","Texas Discovery Gardens at Fair Park","texas-discovery-gardens-at-fair-park","Dallas","TX","park","Yes","No","No","No","No contact info; No hours; No amenities"
"80fce427-ad3a-4e59-ab74-ec90749890a3","Germany Park","germany-park","Dallas","TX","park","Yes","No","No","No","No contact info; No hours; No amenities"
"22b23fa5-4029-4f85-8d0f-b7daaa1145cf","Pioneer Plaza","pioneer-plaza","Dallas","TX","park","Yes","No","No","No","No contact info; No hours; No amenities"
"9296be7e-aefc-48dd-975b-92d7b694c63f","Kids Empire Dallas Wynnewood","kids-empire-dallas-wynnewood","Dallas","TX","park","Yes","No","No","No","No contact info; No hours; No amenities"
"a6483eb7-1670-4db3-b8bc-5687387cdb5f","Flag Pole Hill Playground","flag-pole-hill-playground","Dallas","TX","park","Yes","No","No","No","No contact info; No hours; No amenities"
"a0c78b4e-dac7-4849-825d-a5e7405f24c8","Sheila and Jody Grant Children's Park","sheila-and-jody-grant-children-s-park","Dallas","TX","park","Yes","No","No","No","No contact info; No hours; No amenities"
"a9b8bcae-c86d-48b9-bf72-d59802563906","Goat Farm by Goat Shenanigans","san-antonio-goat-farm-by-goat-shenanigans","San Antonio","TX","Zoo","Yes","No","No","No","No contact info; No hours; No amenities"
"0d4bf51d-e3cc-46c5-aaa3-cccd70edff65","bb piñata","bb-pi-ata","Dallas","TX","park","Yes","No","No","No","No contact info; No hours; No amenities"
"f241dc02-f2c0-4e7b-aa89-c1852e27eb76","Cheeky Monkeys - Midtown Dallas","cheeky-monkeys-midtown-dallas","Dallas","TX","park","Yes","No","No","No","No contact info; No hours; No amenities"
"c2e124a1-f131-4aae-905b-8d058b0e15b0","We Rock the Spectrum - Dallas","we-rock-the-spectrum-dallas","Dallas","TX","park","Yes","No","No","No","No contact info; No hours; No amenities"
"33363676-c67f-4b79-b866-c2c3ab1db6c2","White Rock Creek Trail Playground","white-rock-creek-trail-playground","Dallas","TX","park","Yes","No","No","No","No contact info; No hours; No amenities"
"1f95e49a-5eab-45ea-b346-08a864661791","Valley View Park","valley-view-park","Dallas","TX","park","Yes","No","No","No","No contact info; No hours; No amenities"
"ec8c638e-e9ef-4aa4-b1a2-005985c23626","Coffee Park","coffee-park","Dallas","TX","park","Yes","No","No","No","No contact info; No hours; No amenities"
"4c71b8a4-3fca-494b-a7de-762dfe8f97ef","Child's Play at Bachman Lake","child-s-play-at-bachman-lake","Dallas","TX","park","Yes","No","No","No","No contact info; No hours; No amenities"
"8eb6a5ce-c71c-4782-b0ec-49addf33a4fa","Ridgewood Park","ridgewood-park","Dallas","TX","park","Yes","No","No","No","No contact info; No hours; No amenities"
"c268a54f-2a68-441a-ad90-59b46dc2bb99","T. & P. Hill","t-p-hill","Dallas","TX","park","Yes","No","No","No","No contact info; No hours; No amenities"
"a1094aee-a24b-4edc-84b9-0a267966bf51","Arlington Park","arlington-park","Dallas","TX","park","Yes","No","Yes","No","No contact info; No amenities"
"93c82a2c-5ca4-4e31-9b74-88ed615bd4f9","Joppa Preserve - Dallas County Nature Preserve","joppa-preserve-dallas-county-nature-preserve","Dallas","TX","park","Yes","No","No","No","No contact info; No hours; No amenities"
"4e0540ab-198c-4a5d-97c5-502e79eedf26","Trinity River Audubon Center","trinity-river-audubon-center","Dallas","TX","park","Yes","Yes","Yes","No","No amenities"
"857e1e13-2337-4ea3-835b-f4a01285d7c1","Children's Museum Houston","children-s-museum-houston","Houston","TX","museum","Yes","Yes","No","No","No hours; No amenities"
"130d6a3e-57f3-4487-a0fc-ad1b3d7a932b","Houston Museum of Natural Science at Sugar Land","houston-museum-of-natural-science-at-sugar-land","Houston","TX","museum","Yes","No","No","No","No contact info; No hours; No amenities"
"7cc80cf5-d614-4c2f-ba85-e7afea44c000","Houston Center for Contemporary Craft","houston-center-for-contemporary-craft","Houston","TX","museum","Yes","No","No","No","No contact info; No hours; No amenities"
"5c6aed95-cf03-4cb3-9d5d-f1ce9e0f7344","The Menil Collection","the-menil-collection","Houston","TX","museum","Yes","No","No","No","No contact info; No hours; No amenities"
"cfceee8a-278e-4c5f-aca4-eab29710c2dd","1940 Air Terminal Museum","1940-air-terminal-museum","Houston","TX","museum","Yes","Yes","Yes","No","No amenities"
"7d065a41-ccd3-4774-9758-a07297aab7cc","The New York Historical","new-york-the-new-york-historical","New York","NY","Museum","Yes","No","Yes","No","No contact info; No amenities"
"54e4d145-ea94-45fd-9391-bfa1132c1943","DiverseWorks","diverseworks","Houston","TX","museum","Yes","Yes","No","No","No hours; No amenities"
"dc26264e-86da-4d41-a649-f55a6331957e","Meow Wolf Houston's Radio Tave","meow-wolf-houston-s-radio-tave","Houston","TX","museum","Yes","Yes","No","No","No hours; No amenities"
"88d16c1f-f89b-4e6e-8598-ee70c6722e40","Eternal Gandhi Museum Houston","eternal-gandhi-museum-houston","Houston","TX","museum","Yes","No","No","No","No contact info; No hours; No amenities"
"14a82a5c-53f8-4b36-9e10-7e5852f0ffd0","Center for African American Military History dba Buffalo Soldiers National Museum","center-for-african-american-military-history-dba-b","Houston","TX","museum","Yes","No","No","No","No contact info; No hours; No amenities"
"3e99f867-1101-4d63-adb4-a00fb9a5be30","Downtown Aquarium","downtown-aquarium","Houston","TX","museum","Yes","No","No","No","No contact info; No hours; No amenities"
"d00c4778-c404-49f8-bc56-501066ee244a","McClain Gallery","mcclain-gallery","Houston","TX","museum","Yes","No","No","No","No contact info; No hours; No amenities"
"a5d3a2c3-e08c-4b2c-9b3a-1c0537b8c1bc","Art Club","art-club","Houston","TX","museum","Yes","No","No","No","No contact info; No hours; No amenities"
"bd827839-1d51-48fc-a4e0-98334f550767","Nancy & Rich Kinder Building","nancy-rich-kinder-building","Houston","TX","museum","Yes","Yes","Yes","No","No amenities"
"0ed31330-bf85-4350-a4aa-1ade151f8144","Station Museum of Contemporary Art","station-museum-of-contemporary-art","Houston","TX","museum","Yes","Yes","Yes","No","No amenities"
"2dba9e1a-20d3-4d2b-ac6f-1de619f4c27d","Liberty Science Center","new-york-liberty-science-center","New York","NY","Museum","Yes","Yes","No","No","No hours; No amenities"
"8c0f4953-a0ea-4af5-93b1-d5e54ce27eb8","Harris County Public Library - Spring Branch Memorial Library","harris-county-public-library-spring-branch-memoria","Houston","TX","library","Yes","No","No","No","No contact info; No hours; No amenities"
"bf9df66f-a3da-4fa0-bd36-ed2e8de5dff1","Jungman Neighborhood Library","jungman-neighborhood-library","Houston","TX","library","Yes","Yes","No","No","No hours; No amenities"
"79cdba2d-00e0-4a74-81c5-bdef8c247c87","The Metropolitan Museum of Art","new-york-the-metropolitan-museum-of-art","New York","NY","Museum","Yes","Yes","Yes","No","No amenities"
"4716f6a5-f7fe-49f8-aa88-15ac78eb3edd","Urban Air Trampoline and Adventure Park","san-antonio-urban-air-trampoline-and-adventure-park","San Antonio","TX","Recreation","Yes","Yes","Yes","No","No amenities"
"e8d161db-1bdb-4139-b82b-57756b03db30","Harris County Public Library","harris-county-public-library","Houston","TX","library","Yes","Yes","No","No","No hours; No amenities"
"b940ae67-b254-4a7c-9ec6-4e4dabd3e0a8","Alice McKean Young Neighborhood Library","alice-mckean-young-neighborhood-library","Houston","TX","library","Yes","Yes","No","No","No hours; No amenities"
"8fbec057-ad34-4b7b-b7fd-176fcb751b6f","Dr. Shannon Walker Neighborhood Library","dr-shannon-walker-neighborhood-library","Houston","TX","library","Yes","Yes","Yes","No","No amenities"
"b9e992ea-4810-4280-ba89-90bf3c9cf628","Almaden Quicksilver County Park","san-jose-almaden-quicksilver-county-park","San Jose","CA","Park","Yes","Yes","Yes","No","No amenities"
"baf7f8c7-2261-4461-98f3-5dc0e9d12c28","Smith Neighborhood Library","smith-neighborhood-library","Houston","TX","library","Yes","Yes","No","No","No hours; No amenities"
"79deab83-4723-4c28-9e4c-f2822304214f","Park Place Regional Library","park-place-regional-library","Houston","TX","library","Yes","Yes","No","No","No hours; No amenities"
"44cc481b-0d4b-411b-be29-d01b9265d902","Alief-David M. Henington Regional Library","alief-david-m-henington-regional-library","Houston","TX","library","Yes","Yes","No","No","No hours; No amenities"
"eb6e307f-03db-430a-849c-6a6a2eea87d2","Harris County Public Library - Maud Smith Marks Branch","harris-county-public-library-maud-smith-marks-bran","Houston","TX","library","Yes","Yes","No","No","No hours; No amenities"
"1d4a9b16-a6b7-439c-82b7-c3474617642a","Kingwood Branch Library","kingwood-branch-library","Houston","TX","library","Yes","Yes","No","No","No hours; No amenities"
"f7eec1fd-b2a9-47e2-a003-6ed5bee31105","Barbara Bush Branch Library","barbara-bush-branch-library","Houston","TX","library","Yes","Yes","Yes","No","No amenities"
"649c5c5e-f014-4894-8592-8abb2d7564c5","Evelyn's Park","evelyn-s-park","Houston","TX","park","Yes","Yes","Yes","No","No amenities"
"6cd20c74-5e8f-4f07-9cc7-1c70147e1f1f","Gerald D. Hines Waterwall Park","gerald-d-hines-waterwall-park","Houston","TX","park","Yes","No","No","No","No contact info; No hours; No amenities"
"8dd0621c-71d3-4407-b1cd-5f2a64d54b16","Spotts Park","spotts-park","Houston","TX","park","Yes","No","No","No","No contact info; No hours; No amenities"
"682c9c95-1126-47dd-834e-af20a6029a3f","Sesquicentennial Park","sesquicentennial-park","Houston","TX","park","Yes","No","No","No","No contact info; No hours; No amenities"
"311ff0b5-82d5-4118-a23d-917487d51f76","MacGregor Park","macgregor-park","Houston","TX","park","Yes","No","No","No","No contact info; No hours; No amenities"
"3a424f4f-3428-4c4f-85cf-0e7bf95f5f26","The Battery","new-york-the-battery","New York","NY","Park","Yes","No","Yes","No","No contact info; No amenities"
"efefc900-a8a6-434e-bae7-9df46877d78e","Cinemark Greenwood Corner","indianapolis-cinemark-greenwood-corner","Indianapolis","IN","Movie Theater","Yes","Yes","No","No","No hours; No amenities"
"1ac17f88-95d7-453c-9c58-b83ea486a052","Lake Houston Wilderness Park","lake-houston-wilderness-park","Houston","TX","park","Yes","No","No","No","No contact info; No hours; No amenities"
"fc1d30f6-0524-4f4b-b885-71cef053e9ea","Rosewood Park","rosewood-park","Houston","TX","park","Yes","No","No","No","No contact info; No hours; No amenities"
"83772e2b-3701-45be-b89d-9f8cd2ed5960","Jaycee Park","jaycee-park","Houston","TX","park","Yes","No","No","No","No contact info; No hours; No amenities"
"24b476a5-bca0-47b9-ad78-669b7686ecf3","Eastwood Park","eastwood-park","Houston","TX","park","Yes","No","No","No","No contact info; No hours; No amenities"
"9b72f2f3-e3f3-467c-9b1b-2817162b3b90","Guadalupe Plaza Park","guadalupe-plaza-park","Houston","TX","park","Yes","No","No","No","No contact info; No hours; No amenities"
"ac0fc3d7-1281-4ed1-a4ce-f8fa3c548c95","Ballard Mallards","seattle-ballard-mallards","Seattle","WA","Zoo","Yes","No","No","No","No contact info; No hours; No amenities"
"bdee8c68-13b3-4f00-b63d-4b2edd228e07","Hutcheson Park","hutcheson-park","Houston","TX","park","Yes","No","No","No","No contact info; No hours; No amenities"
"d22e5539-7f9c-418b-a503-952e28ffe850","Brock Adventure Park","brock-adventure-park","Houston","TX","park","Yes","No","No","No","No contact info; No hours; No amenities"
"14f34c4d-91eb-473e-9ada-b28c7af2848a","Robinson Park","robinson-park","Houston","TX","park","Yes","No","No","No","No contact info; No hours; No amenities"
"6d0a469c-2e4e-424b-9d3d-3c3adf95b5e3","Bayou Park","bayou-park","Houston","TX","park","Yes","No","No","No","No contact info; No hours; No amenities"
"840969b8-6056-4961-93ed-c473d92e612b","American Statesmanship Park","american-statesmanship-park","Houston","TX","park","Yes","No","No","No","No contact info; No hours; No amenities"
"7ef79bf7-2132-4785-b47c-4d0dd2d33fd8","Cliff Tuttle Park","cliff-tuttle-park","Houston","TX","park","Yes","No","No","No","No contact info; No hours; No amenities"
"dc6a083f-5d50-45a3-a93a-1b52981b8988","Brewster Park","brewster-park","Houston","TX","park","Yes","No","No","No","No contact info; No hours; No amenities"
"ae1829d5-6ef9-4c8c-a679-213cc22c9b2f","Tidwell Park","tidwell-park","Houston","TX","park","Yes","No","No","No","No contact info; No hours; No amenities"
"686838c4-195e-4596-9a71-58a8385feb4d","McCullough Park","mccullough-park","Houston","TX","park","Yes","No","No","No","No contact info; No hours; No amenities"
"5d433288-32a7-49dd-a54f-5ce1c8319754","Ron K. Bills Spraypark","seattle-ron-k-bills-spraypark","Seattle","WA","Recreation","Yes","No","No","No","No contact info; No hours; No amenities"
"cc9b7007-fe06-4997-a63d-bd3528a354ce","Wonderwild","wonderwild","Houston","TX","park","Yes","No","No","No","No contact info; No hours; No amenities"
"39956975-7137-4bee-ad98-5ad6b756f924","Vale-Asche Foundation Playground at Memorial Park","vale-asche-foundation-playground-at-memorial-park","Houston","TX","park","Yes","No","No","No","No contact info; No hours; No amenities"
"5db112f7-9ea3-42e7-97fa-f4729e8dbcdf","Main Street Indoor Park","main-street-indoor-park","Houston","TX","park","Yes","No","No","No","No contact info; No hours; No amenities"
"3142f1f0-4eff-4210-b950-e6ea17f585d2","Kids Empire Houston Garden Center","kids-empire-houston-garden-center","Houston","TX","park","Yes","No","No","No","No contact info; No hours; No amenities"
"5f05b4ec-5a0b-4d22-996c-c24d3e3beb99","Lovebug's Playground","lovebug-s-playground","Houston","TX","park","Yes","No","No","No","No contact info; No hours; No amenities"
"6b866f0a-e572-4bc6-9788-a7fe89797d48","Buddy Carruth Playground for All Children","buddy-carruth-playground-for-all-children","Houston","TX","park","Yes","No","No","No","No contact info; No hours; No amenities"
"f320a9c1-8e6a-4fb1-8173-5d8c8938d338","We Rock the Spectrum - Houston/Memorial","we-rock-the-spectrum-houston-memorial","Houston","TX","park","Yes","No","No","No","No contact info; No hours; No amenities"
"786e2ae6-ccf1-4aae-b66e-534088737dc8","Barbara Fish Daniel Nature Play Area and Picnic Pavilion","barbara-fish-daniel-nature-play-area-and-picnic-pa","Houston","TX","park","Yes","No","No","No","No contact info; No hours; No amenities"
"c41fdcc8-1a7c-49d2-9e74-2732d4c440af","Sky Sports Trampoline Park","sky-sports-trampoline-park","Houston","TX","park","Yes","No","No","No","No contact info; No hours; No amenities"
"73da81a5-b8b0-4e64-ab2d-45e1de908270","Bear Creek Playground","bear-creek-playground","Houston","TX","park","Yes","No","No","No","No contact info; No hours; No amenities"
"a81fafe5-eebf-4016-8f8e-36d96f5a3048","Luna's Park","luna-s-park","Houston","TX","park","Yes","No","No","No","No contact info; No hours; No amenities"
"1f6e753c-3d60-4061-9e15-0d9c38814dd9","TC Jester Playground","tc-jester-playground","Houston","TX","park","Yes","No","No","No","No contact info; No hours; No amenities"
"f0335276-0d5b-4e64-a7b0-958dd7f63aa8","Matzke Park","matzke-park","Houston","TX","park","Yes","No","No","No","No contact info; No hours; No amenities"
"62d03096-a24e-4d4d-a012-913f1601de0a","Cherryhurst Park","cherryhurst-park","Houston","TX","park","Yes","No","No","No","No contact info; No hours; No amenities"
"a556539f-89ee-4bc8-a02b-a6a748e110d4","West Webster Park","west-webster-park","Houston","TX","park","Yes","No","No","No","No contact info; No hours; No amenities"
"ef5f8a1b-951a-4161-834a-a145bd0c0faf","Imagine U! Humble & Atascocita Indoor Playground!","imagine-u-humble-atascocita-indoor-playground","Houston","TX","park","Yes","No","No","No","No contact info; No hours; No amenities"
"80199252-263c-408c-b175-40b87449cfaa","Austin Art Space Gallery","austin-austin-art-space-gallery","Austin","TX","Museum","Yes","No","Yes","No","No contact info; No amenities"
"60c88871-fd35-4669-8ff8-ebd92676497a","Wild About Music","austin-wild-about-music","Austin","TX","Museum","Yes","No","Yes","No","No contact info; No amenities"
"1cab5590-6c42-4c22-a7c1-9813279e27cf","Wally Workman Gallery","austin-wally-workman-gallery","Austin","TX","Museum","Yes","No","Yes","No","No contact info; No amenities"
"1c512820-be35-4281-aad4-2246416a6181","Once Over Coffee Bar","austin-once-over-coffee-bar","Austin","TX","Museum","Yes","No","Yes","No","No contact info; No amenities"
"7cd6d924-e60e-4d78-afaf-1a9d075d83b0","Co-Lab Projects","austin-co-lab-projects","Austin","TX","Museum","Yes","No","Yes","No","No contact info; No amenities"
"6eb4ee4f-37b5-47b2-9704-10d65267001c","Bill Brinton Murray Hill Branch Library","jacksonville-bill-brinton-murray-hill-branch-library","Jacksonville","FL","Library","Yes","Yes","Yes","No","No amenities"
"c4ebe46c-f289-4c49-8af2-74ac732a6319","Regency Square Branch Library","jacksonville-regency-square-branch-library","Jacksonville","FL","Library","Yes","Yes","Yes","No","No amenities"
"884f7275-5b1e-452e-8081-47f7bd6877db","Orange Park Public Library","jacksonville-orange-park-public-library","Jacksonville","FL","Library","Yes","Yes","Yes","No","No amenities"
"813d49c3-8f33-4224-a78d-8dda71d68367","Jackson Square","new-york-jackson-square","New York","NY","Park","Yes","No","Yes","No","No contact info; No amenities"
"971149f9-b428-46cc-8019-06d151559450","Pier 63 at Hudson River Park","new-york-pier-63-at-hudson-river-park","New York","NY","Park","Yes","No","Yes","No","No contact info; No amenities"
"aefb2619-a0e3-402e-8c66-5997c87cb8a1","General Grant National Memorial","new-york-general-grant-national-memorial","New York","NY","Park","Yes","No","Yes","No","No contact info; No amenities"
"2fc3beb2-becc-4054-9e7b-4a5f5d404baa","Brooklyn Public Library - Central Branch","new-york-brooklyn-public-library-central-branch","New York","NY","Library","Yes","No","Yes","No","No contact info; No amenities"
"fda82f97-fad7-41b2-a289-2b0dad4b40a8","Elmer Holmes Bobst Library","new-york-elmer-holmes-bobst-library","New York","NY","Library","Yes","No","Yes","No","No contact info; No amenities"
"1c4e63b2-608d-4dc9-97e5-31bc9076d5ad","The University Club of New York","new-york-the-university-club-of-new-york","New York","NY","Library","Yes","No","No","No","No contact info; No hours; No amenities"
"827ece13-9508-44e3-a201-99125a8f1626","Robert Goldwater Library","new-york-robert-goldwater-library","New York","NY","Library","Yes","No","Yes","No","No contact info; No amenities"
"c2604ffd-9319-4a14-ab08-0888958b7942","Franklin D. Roosevelt Four Freedoms State Park","new-york-franklin-d-roosevelt-four-freedoms-state-park","New York","NY","Park","Yes","Yes","Yes","No","No amenities"
"c9280c24-0767-403d-8ab8-140d5ef10341","Holcombe Rucker Park","new-york-holcombe-rucker-park","New York","NY","Park","Yes","Yes","Yes","No","No amenities"
"2529dcdc-2a86-4c1f-bb40-e37f7f475478","New York Public Library - Stephen A. Schwarzman Building","new-york-new-york-public-library-stephen-a-schwarzman-building","New York","NY","Library","Yes","Yes","Yes","No","No amenities"
"28d9835f-5cdd-4a9f-a17c-bd91057ab661","Gottesman Research Library and Learning Center","new-york-gottesman-research-library-and-learning-center","New York","NY","Library","Yes","No","Yes","No","No contact info; No amenities"
"27a67c98-06e4-49dc-89cc-490d0e8cefa3","Center for Brooklyn History","new-york-center-for-brooklyn-history","New York","NY","Museum","Yes","No","Yes","No","No contact info; No amenities"
"d29f2ef9-f59e-4fb4-8c21-151e75d5fadf","NewYork-Presbyterian Brooklyn Methodist Hospital - Health Library","new-york-newyork-presbyterian-brooklyn-methodist-hospital-health-library","New York","NY","Library","Yes","No","No","No","No contact info; No hours; No amenities"
"65097633-a7bd-4948-a0cd-6272653b32a4","Fulbright & Jaworski","new-york-fulbright-jaworski","New York","NY","Library","Yes","No","No","No","No contact info; No hours; No amenities"
"ff9db2dc-06d4-44c7-863a-c3f7006d0347","Ny Law Institute","new-york-ny-law-institute","New York","NY","Library","Yes","No","Yes","No","No contact info; No amenities"
"5e7e1436-7387-42bc-bf9f-81d5a4cd8975","New York Aquarium","new-york-new-york-aquarium","New York","NY","Aquarium","Yes","Yes","Yes","No","No amenities"
"bc04a7a1-c516-405a-b440-6bd0d2859a6f","United Hospital Fund-Ny Library","new-york-united-hospital-fund-ny-library","New York","NY","Library","Yes","Yes","Yes","No","No amenities"
"e19ddd86-7f69-4006-9923-1c7e8f72cb52","Hudson Park Library","new-york-hudson-park-library","New York","NY","Library","Yes","Yes","Yes","No","No amenities"
"35095c90-f1b7-423c-b10f-18990bfbbe8d","Lehman Social Sciences Library","new-york-lehman-social-sciences-library","New York","NY","Library","Yes","Yes","Yes","No","No amenities"
"add5f899-a515-4fef-9081-4686c3acb828","Kingsbrook Jewish Medical Library","new-york-kingsbrook-jewish-medical-library","New York","NY","Library","Yes","Yes","Yes","No","No amenities"
"9b106ea9-9f9d-4050-8475-168bcb67b8f3","Absolutely Fish","new-york-absolutely-fish","New York","NY","Aquarium","Yes","Yes","Yes","No","No amenities"
"780f9460-1e21-42b0-9644-3d8095680dff","The Fish Hut of New Jersey","new-york-the-fish-hut-of-new-jersey","New York","NY","Aquarium","Yes","No","Yes","No","No contact info; No amenities"
"09cfc1a9-859b-4684-b136-1a8fd6c6e609","Aquarium Architecture","new-york-aquarium-architecture","New York","NY","Aquarium","Yes","No","Yes","No","No contact info; No amenities"
"c51751fd-5683-4e13-95f1-208cccc3ab50","Bayparkway Aquarium","new-york-bayparkway-aquarium","New York","NY","Aquarium","Yes","No","Yes","No","No contact info; No amenities"
"fa9994d3-4c86-45f1-adac-6ddb0f68832b","Monster Aquarium Inc - Shop in Queens New York","new-york-monster-aquarium-inc-shop-in-queens-new-york","New York","NY","Aquarium","Yes","No","Yes","No","No contact info; No amenities"
"a168a2ce-792c-46a1-b335-e2a3e70f9f43","New York Aquarium Education Hall","new-york-new-york-aquarium-education-hall","New York","NY","Aquarium","Yes","No","Yes","No","No contact info; No amenities"
"4216e2ff-35b1-4659-b1f3-491951aa08e4","Hudson River Park's River Project Wetlab","new-york-hudson-river-park-s-river-project-wetlab","New York","NY","Aquarium","Yes","No","Yes","No","No contact info; No amenities"
"b74a5c52-2d23-4b3f-85fc-8027bcd63795","Aquarium Paradise","new-york-aquarium-paradise","New York","NY","Aquarium","Yes","No","Yes","No","No contact info; No amenities"
"0b36ec8c-8f3f-4697-a01f-1e716d5c79b4","Aquariumservicenyc.com","new-york-aquariumservicenyc-com","New York","NY","Aquarium","Yes","No","No","No","No contact info; No hours; No amenities"
"fbd9a72e-dc88-4e0e-b911-6c7a53e5c637","All in 1 Petshop","new-york-all-in-1-petshop","New York","NY","Aquarium","Yes","No","Yes","No","No contact info; No amenities"
"0129ca4b-79bd-4768-8615-e592e3cdab65","COSMO AQUARIUM Fish Store","new-york-cosmo-aquarium-fish-store","New York","NY","Aquarium","Yes","No","Yes","No","No contact info; No amenities"
"04b538a7-5725-49f6-a537-32f55a0aac24","SEA LIFE New Jersey Aquarium","new-york-sea-life-new-jersey-aquarium","New York","NY","Aquarium","Yes","No","Yes","No","No contact info; No amenities"
"0c50113f-73ce-4af9-b224-3177b9e73e4d","1st Class Aquarium","new-york-1st-class-aquarium","New York","NY","Aquarium","Yes","No","No","No","No contact info; No hours; No amenities"
"e126aaa2-6eec-49bb-8fb7-9f18b49e5c15","Green Meadows Farm New York","new-york-green-meadows-farm-new-york","New York","NY","Zoo","Yes","No","Yes","No","No contact info; No amenities"
"9cded6f7-9282-435c-a640-fdfb63e349f0","Central Park Zoo","new-york-central-park-zoo","New York","NY","Zoo","Yes","Yes","Yes","No","No amenities"
"a5bd75fb-f548-4264-bb0d-bf90901eaa39","Bronx Zoo","new-york-bronx-zoo","New York","NY","Zoo","Yes","Yes","Yes","No","No amenities"
"80d22370-49f7-42f5-88e1-cdcedcacf92a","Prospect Park Zoo","new-york-prospect-park-zoo","New York","NY","Zoo","Yes","Yes","Yes","No","No amenities"
"1a36e93f-9864-4f35-90d6-2f519f3a8c8e","Queens Zoo","new-york-queens-zoo","New York","NY","Zoo","Yes","Yes","Yes","No","No amenities"
"bc1d10ce-60b2-4f4b-9bd2-88c60bc5888c","Staten Island Zoo","new-york-staten-island-zoo","New York","NY","Zoo","Yes","Yes","Yes","No","No amenities"
"abc52e56-1fa3-4ebb-b0e8-a069384fabf5","Essex County Turtle Back Zoo","new-york-essex-county-turtle-back-zoo","New York","NY","Zoo","Yes","Yes","Yes","No","No amenities"
"2499ac66-6379-44e0-921e-1b36f0f0325e","Wildlife Conservation Society, Research Fellowship Program","new-york-wildlife-conservation-society-research-fellowship-program","New York","NY","Zoo","Yes","Yes","Yes","No","No amenities"
"17117e4e-c95b-4f73-9ba0-b7aefbabbc0c","The Wildlife Education and Conservation Center(MUST GET TICKETS THROUGH WEBSITE!)","new-york-the-wildlife-education-and-conservation-center-must-get-tickets-through-website","New York","NY","Zoo","Yes","No","No","No","No contact info; No hours; No amenities"
"1c9fb72f-29f7-4423-b753-1adfa7025da9","Dawn Animal Agency","new-york-dawn-animal-agency","New York","NY","Zoo","Yes","No","Yes","No","No contact info; No amenities"
"5d3fb4ba-fc22-4392-9468-5e9824f10d63","Harbor Seals","new-york-harbor-seals","New York","NY","Zoo","Yes","No","No","No","No contact info; No hours; No amenities"
"ad0ed739-5f6e-42cb-9635-5f46f1f2b419","A Native Meadow","new-york-a-native-meadow","New York","NY","Park","Yes","No","Yes","No","No contact info; No amenities"
"d561ca6f-43af-40bd-825f-a6abec75c696","Clearview Pest Control & Exterminator Services","new-york-clearview-pest-control-exterminator-services","New York","NY","Park","Yes","No","Yes","No","No contact info; No amenities"
"9af43e74-3d8b-4a5b-9ccd-3210b172b148","Latin American Masters","los-angeles-latin-american-masters","Los Angeles","CA","Museum","Yes","No","No","No","No contact info; No hours; No amenities"
"50cb4074-a007-4d88-a6da-313cecf2a3e9","Van Saun County Park","new-york-van-saun-county-park","New York","NY","Park","Yes","Yes","Yes","No","No amenities"
"9c199d26-a370-4dd1-b9c5-e553adf8e923","California Sea Lion Pool","new-york-california-sea-lion-pool","New York","NY","Zoo","Yes","Yes","Yes","No","No amenities"
"ed72e2bf-2b08-4f5a-9b8b-e8e38ff205d6","Children's Zoo","new-york-children-s-zoo","New York","NY","Zoo","Yes","Yes","Yes","No","No amenities"
"d71f399c-9771-46dd-b693-d8821d069962","World of Birds","new-york-world-of-birds","New York","NY","Zoo","Yes","Yes","Yes","No","No amenities"
"9fd39a67-7b99-4845-b78f-8697117b987c","Asia Plaza","new-york-asia-plaza","New York","NY","Zoo","Yes","Yes","Yes","No","No amenities"
"ab209418-1b24-46fc-9ab8-4d04e9f6b264","AMC Lincoln Square 13","new-york-amc-lincoln-square-13","New York","NY","Movie Theater","Yes","No","No","No","No contact info; No hours; No amenities"
"b3cede38-7408-4c77-a8d4-3c70f1305ecd","Film Forum","new-york-film-forum","New York","NY","Movie Theater","Yes","No","No","No","No contact info; No hours; No amenities"
"9bf7ff6a-9513-4196-8c62-342b23af12fe","Film at Lincoln Center","new-york-film-at-lincoln-center","New York","NY","Movie Theater","Yes","No","Yes","No","No contact info; No amenities"
"f0b04a0c-4ab4-40f4-9655-89632954c84b","AMC Empire 25","new-york-amc-empire-25","New York","NY","Movie Theater","Yes","Yes","Yes","No","No amenities"
"9e4beb02-733c-4807-ae27-f7e248a1eef4","AMC 34th Street 14","new-york-amc-34th-street-14","New York","NY","Movie Theater","Yes","Yes","No","No","No hours; No amenities"
"b5cf3997-7319-4362-a061-7e4ddcca1938","IFC Center","new-york-ifc-center","New York","NY","Movie Theater","Yes","Yes","Yes","No","No amenities"
"455fcb9f-ac10-4b93-9522-d73fbc099008","AMC Magic Johnson Harlem 9","new-york-amc-magic-johnson-harlem-9","New York","NY","Movie Theater","Yes","Yes","No","No","No hours; No amenities"
"b81503e6-22ba-4cc9-8b92-f6866fa0c681","Regal Battery Park","new-york-regal-battery-park","New York","NY","Movie Theater","Yes","Yes","Yes","No","No amenities"
"459657ce-a5b3-4997-adf5-5437698b43a6","AMC Fresh Meadows 7","new-york-amc-fresh-meadows-7","New York","NY","Movie Theater","Yes","Yes","No","No","No hours; No amenities"
"09c1f953-31d0-45f8-8dea-9022d6eb0bcf","Nitehawk Cinema","new-york-nitehawk-cinema","New York","NY","Movie Theater","Yes","Yes","Yes","No","No amenities"
"aa0c1d75-c5bf-4369-8104-d2b66da4b8cc","Cobble Hill Cinemas","new-york-cobble-hill-cinemas","New York","NY","Movie Theater","Yes","Yes","Yes","No","No amenities"
"364baa79-2da4-4902-9c80-abd4d91f7905","Lucky Strike Times Square","new-york-lucky-strike-times-square","New York","NY","Recreation","Yes","No","Yes","No","No contact info; No amenities"
"61ff92bb-ab84-41f7-a8ce-6eb48fa34a0a","Cinema Village","new-york-cinema-village","New York","NY","Movie Theater","Yes","Yes","Yes","No","No amenities"
"192f193e-a09e-4dd3-9a4e-f58ff0e19073","Brooklyn Children's Museum","new-york-brooklyn-children-s-museum","New York","NY","Museum","Yes","Yes","Yes","No","No amenities"
"e03d32e1-7271-4e4e-a762-4a87d2673e4c","Westfield Garden State Plaza","new-york-westfield-garden-state-plaza","New York","NY","Movie Theater","Yes","Yes","Yes","No","No amenities"
"972a5f27-d8d5-4b87-99bf-eea01de78819","AMC Village 7","new-york-amc-village-7","New York","NY","Movie Theater","Yes","Yes","Yes","No","No amenities"
"deefc39e-7ece-4d1f-94e9-472ca55841e1","Brooklyn Bowl","new-york-brooklyn-bowl","New York","NY","Recreation","Yes","Yes","No","No","No hours; No amenities"
"f0815633-2058-4a68-bc9c-56afa558ef00","Lucky Strike Queens","new-york-lucky-strike-queens","New York","NY","Recreation","Yes","Yes","Yes","No","No amenities"
"9452ef4c-dd24-4127-b858-a6d327def148","Frames Bowling Lounge","new-york-frames-bowling-lounge","New York","NY","Recreation","Yes","Yes","Yes","No","No amenities"
"04e67a00-52cf-433c-87be-004fceb1111b","Bowl 360 Astoria","new-york-bowl-360-astoria","New York","NY","Recreation","Yes","Yes","Yes","No","No amenities"
"51af2f4f-e948-4d2c-beca-7fd4c07d2d13","Madison Square Garden","new-york-madison-square-garden","New York","NY","Other","Yes","Yes","No","No","No hours; No amenities"
"a9edb508-295f-4edf-a7fa-eae0318b5c5c","Jib Lanes","new-york-jib-lanes","New York","NY","Recreation","Yes","No","Yes","No","No contact info; No amenities"
"662fba0b-fd2e-400a-aa5e-ecc956375c9c","Bowler City","new-york-bowler-city","New York","NY","Recreation","Yes","No","Yes","No","No contact info; No amenities"
"a5e72cd4-168f-4a6e-ac35-0d61dbd87dbe","Rab's Country Lanes","new-york-rab-s-country-lanes","New York","NY","Recreation","Yes","No","Yes","No","No contact info; No amenities"
"8948c7f1-3428-42ac-9385-b48ec055de49","Bowlero Belleville","new-york-bowlero-belleville","New York","NY","Recreation","Yes","No","Yes","No","No contact info; No amenities"
"e49312c1-9386-4b70-a3f3-4497b92eb48d","Bowl-Rite Lanes","new-york-bowl-rite-lanes","New York","NY","Recreation","Yes","No","Yes","No","No contact info; No amenities"
"f1ad0eaa-d5b4-4892-b4b8-f21e98e32568","Hudson Lanes","new-york-hudson-lanes","New York","NY","Recreation","Yes","No","Yes","No","No contact info; No amenities"
"12eb31aa-23af-49e6-8abd-14c2c332a50a","Parkway Lanes","new-york-parkway-lanes","New York","NY","Recreation","Yes","No","Yes","No","No contact info; No amenities"
"adb14689-3da9-4433-bd26-0fbc136b9638","Nationwide Bowling Inc","new-york-nationwide-bowling-inc","New York","NY","Recreation","Yes","No","Yes","No","No contact info; No amenities"
"5d194403-a690-49f2-954d-441915767460","Lucky Strike Wallington","new-york-lucky-strike-wallington","New York","NY","Recreation","Yes","Yes","Yes","No","No amenities"
"3d26348f-2367-4efb-b688-7338d1a40501","Bowl 360 Brooklyn","new-york-bowl-360-brooklyn","New York","NY","Recreation","Yes","Yes","Yes","No","No amenities"
"bb294731-cb6d-4463-8f15-f171d6642b28","Showplace Entertainment Center","new-york-showplace-entertainment-center","New York","NY","Recreation","Yes","No","Yes","No","No contact info; No amenities"
"2817d522-9eaa-40ff-83ee-264a73016895","Linden Lanes","new-york-linden-lanes","New York","NY","Recreation","Yes","No","Yes","No","No contact info; No amenities"
"534f8db2-e055-44d1-9881-be7606a345ac","Fantasy Forest Amusement Park","new-york-fantasy-forest-amusement-park","New York","NY","Park","Yes","No","Yes","No","No contact info; No amenities"
"88e56d87-eafb-49bf-984f-ae93e48ab04d","Billy Beez Bay Plaza Mall","new-york-billy-beez-bay-plaza-mall","New York","NY","Recreation","Yes","No","Yes","No","No contact info; No amenities"
"0deab1d4-9992-4185-a5c9-2aa9e686aeb6","Forest Park Carousel Amusement Village","new-york-forest-park-carousel-amusement-village","New York","NY","Park","Yes","No","Yes","No","No contact info; No amenities"
"e2710e80-de53-495d-9a7b-509820a70bb6","Field Station: Dinosaurs","new-york-field-station-dinosaurs","New York","NY","Recreation","Yes","Yes","Yes","No","No amenities"
"5112bb82-f8ca-4ee0-b99b-4dd020335a40","Urban Air Trampoline and Adventure Park","new-york-urban-air-trampoline-and-adventure-park","New York","NY","Recreation","Yes","Yes","Yes","No","No amenities"
"275f597d-25b8-464a-b557-2e9d5071cf46","Adventurers Amusement Park","new-york-adventurers-amusement-park","New York","NY","Recreation","Yes","Yes","Yes","No","No amenities"
"13fd7632-4b45-4dc3-9bdd-8604c5da3a93","Scream Zone at Luna Park in Coney Island","new-york-scream-zone-at-luna-park-in-coney-island","New York","NY","Recreation","Yes","Yes","Yes","No","No amenities"
"eb257abc-4715-4c33-9f24-cc343d1d4956","FUTURE (VR, Arcade, Fun)","new-york-future-vr-arcade-fun","New York","NY","Recreation","Yes","No","Yes","No","No contact info; No amenities"
"822e64ac-5d6a-4106-9dfb-222d8ab2b4d2","Van Vorst Park Splash Pad","new-york-van-vorst-park-splash-pad","New York","NY","Recreation","Yes","No","No","No","No contact info; No hours; No amenities"
"cd8cf1a1-62e1-489e-875e-63a9822aaa4f","Hamilton Park Splash Pad","new-york-hamilton-park-splash-pad","New York","NY","Recreation","Yes","No","Yes","No","No contact info; No amenities"
"b0978413-78c7-4fc5-94a2-e133dbc49381","Church Square Park: Kiddie Sprinkler","new-york-church-square-park-kiddie-sprinkler","New York","NY","Recreation","Yes","No","Yes","No","No contact info; No amenities"
"f1dcddee-34bb-42b7-ac0e-238efc2b131c","Madison Park Splash Pad","new-york-madison-park-splash-pad","New York","NY","Recreation","Yes","No","Yes","No","No contact info; No amenities"
"4c0ed9d1-bac0-47e3-b71d-1bdef1006e8f","Henry Hudson Bridge","new-york-henry-hudson-bridge","New York","NY","Other","Yes","No","Yes","No","No contact info; No amenities"
"5da180eb-74b0-45b0-bc34-ef48849b4811","Jackson St. Park Splash Pad","new-york-jackson-st-park-splash-pad","New York","NY","Recreation","Yes","No","No","No","No contact info; No hours; No amenities"
"45670ca0-e838-4438-907b-2997be30197f","Radio City Music Hall","new-york-radio-city-music-hall","New York","NY","Other","Yes","Yes","No","No","No hours; No amenities"
"014e6dad-10de-4e5a-a2cd-14408da6ad2c","Rockefeller Center","new-york-rockefeller-center","New York","NY","Other","Yes","Yes","Yes","No","No amenities"
"b6e23449-9f49-49bd-88c4-a376496483a4","Safety and Security Office","houston-safety-and-security-office","Houston","TX","Zoo","Yes","Yes","No","No","No hours; No amenities"
"60b03a6c-11a7-46dc-b129-04c5aea92c6f","Hoopla!","new-york-hoopla","New York","NY","Recreation","Yes","Yes","Yes","No","No amenities"
"1aebe989-258e-4dac-8ece-e915b7c66219","Littlefield","new-york-littlefield","New York","NY","Museum","Yes","No","No","No","No contact info; No hours; No amenities"
"9768714f-6e8d-4d3c-a4ff-2cc66a43a1da","Argosy Book Store","new-york-argosy-book-store","New York","NY","Museum","Yes","No","Yes","No","No contact info; No amenities"
"02f447cf-4f55-4a7d-baca-127fd461d23d","The Jazz Gallery","new-york-the-jazz-gallery","New York","NY","Museum","Yes","No","Yes","No","No contact info; No amenities"
"c60f751e-a056-400f-afef-8ceb56d9feda","Ana Tzarev New York","new-york-ana-tzarev-new-york","New York","NY","Museum","Yes","No","No","No","No contact info; No hours; No amenities"
"a609adda-889b-431f-9975-6d9667845b15","Creative Art Works","new-york-creative-art-works","New York","NY","Museum","Yes","No","Yes","No","No contact info; No amenities"
"096264d8-355a-44c6-993d-7004a39c183e","Franklin D. Murphy Sculpture Garden","los-angeles-franklin-d-murphy-sculpture-garden","Los Angeles","CA","Park","Yes","No","Yes","No","No contact info; No amenities"
"f902714d-36da-4b39-a2ac-800e7107624b","Hunter College Art Galleries","new-york-hunter-college-art-galleries","New York","NY","Museum","Yes","Yes","Yes","No","No amenities"
"5c25c842-cb47-44b2-b525-c20eb7e9f06e","Scandinavia House","new-york-scandinavia-house","New York","NY","Museum","Yes","Yes","Yes","No","No amenities"
"86fd577a-36a0-4768-99f0-479b3566932d","Gagosian","new-york-gagosian","New York","NY","Museum","Yes","Yes","Yes","No","No amenities"
"e174dfb9-1c14-4be3-9b15-3a488a482d18","The Art Students League of New York","new-york-the-art-students-league-of-new-york","New York","NY","Museum","Yes","Yes","Yes","No","No amenities"
"db47d267-2c02-4d40-9cee-467b2ef380b3","Oliphant Studios","new-york-oliphant-studios","New York","NY","Museum","Yes","Yes","Yes","No","No amenities"
"bd2a4d62-cc7e-48f5-b2e9-39cc464f2dc9","Billis/Williams Gallery","los-angeles-billis-williams-gallery","Los Angeles","CA","Museum","Yes","No","Yes","No","No contact info; No amenities"
"c1aab436-84c5-4b9d-bb78-4c5a42f80782","Griffith Observatory","los-angeles-griffith-observatory","Los Angeles","CA","Museum","Yes","Yes","Yes","No","No amenities"
"3cda3047-64b2-4fd9-8354-b905e0c0ea1c","Superchief Gallery LA","los-angeles-superchief-gallery-la","Los Angeles","CA","Museum","Yes","Yes","Yes","No","No amenities"
"d94d705b-45f5-4b74-bb62-8cb748babef5","California Science Center","los-angeles-california-science-center","Los Angeles","CA","Museum","Yes","Yes","Yes","No","No amenities"
"a9ede11a-17dd-4ef8-a8bc-3f14b90fe991","La Brea Tar Pits and Museum","los-angeles-la-brea-tar-pits-and-museum","Los Angeles","CA","Museum","Yes","Yes","Yes","No","No amenities"
"3a04d0a6-0ad6-4a8f-8fea-34b6ed3ae521","Natural History Museum of Los Angeles County","los-angeles-natural-history-museum-of-los-angeles-county","Los Angeles","CA","Museum","Yes","Yes","Yes","No","No amenities"
"d75ce221-8650-4aba-aba2-d7368b12e718","The Getty","los-angeles-the-getty","Los Angeles","CA","Museum","Yes","Yes","Yes","No","No amenities"
"93153795-2c27-4e78-bf66-b2dbf5973488","Petersen Automotive Museum","los-angeles-petersen-automotive-museum","Los Angeles","CA","Museum","Yes","Yes","Yes","No","No amenities"
"6d5e709a-bbd6-4248-b404-e41511ad22b9","Norton Simon Museum","los-angeles-norton-simon-museum","Los Angeles","CA","Museum","Yes","Yes","Yes","No","No amenities"
"97c7e789-2fc0-4c16-9c1f-9d74cc22f8f2","Museum of Tolerance","los-angeles-museum-of-tolerance","Los Angeles","CA","Museum","Yes","Yes","Yes","No","No amenities"
"bcff5d20-b6db-429d-958f-e246a53a2f11","Shoshana Wayne Gallery","los-angeles-shoshana-wayne-gallery","Los Angeles","CA","Museum","Yes","No","Yes","No","No contact info; No amenities"
"2016fd4f-b897-4753-aacc-09c1f833dd35","The Gamble House","los-angeles-the-gamble-house","Los Angeles","CA","Museum","Yes","No","Yes","No","No contact info; No amenities"
"d38c6f57-2c06-44aa-882f-e8c0390a3579","Skirball Cultural Center","los-angeles-skirball-cultural-center","Los Angeles","CA","Museum","Yes","No","Yes","No","No contact info; No amenities"
"fbc0c1d7-c154-405d-8b37-831b0f3750ab","LACMA Store","los-angeles-lacma-store","Los Angeles","CA","Museum","Yes","No","Yes","No","No contact info; No amenities"
"173254fe-2424-46b0-87c2-075443800520","Japanese American National Museum","los-angeles-japanese-american-national-museum","Los Angeles","CA","Museum","Yes","Yes","Yes","No","No amenities"
"ce36c7e8-ffd9-4bad-ba15-a0c1508db5db","Hollywood Wax Museum","los-angeles-hollywood-wax-museum","Los Angeles","CA","Museum","Yes","Yes","Yes","No","No amenities"
"2b377206-bdb0-4f58-8263-5c89be86a37f","Academy Museum of Motion Pictures","los-angeles-academy-museum-of-motion-pictures","Los Angeles","CA","Museum","Yes","Yes","Yes","No","No amenities"
"0e971e9f-948a-4612-b683-2c5f13a23409","Kidspace Children's Museum","los-angeles-kidspace-children-s-museum","Los Angeles","CA","Museum","Yes","No","Yes","No","No contact info; No amenities"
"c669763a-8ed8-48d5-a65a-8b54d168eb84","The Museum of Jurassic Technology","los-angeles-the-museum-of-jurassic-technology","Los Angeles","CA","Museum","Yes","Yes","Yes","No","No amenities"
"c6a18ffe-0e98-487d-9814-5fc4711ed340","Travel Town Gift Shop","los-angeles-travel-town-gift-shop","Los Angeles","CA","Museum","Yes","Yes","Yes","No","No amenities"
"98bee989-e1ad-496f-8c19-3e6be386e807","Los Angeles State Historic Park","los-angeles-los-angeles-state-historic-park","Los Angeles","CA","Park","Yes","No","No","No","No contact info; No hours; No amenities"
"6f787fea-676d-4ad0-bb06-a0bf6050ab28","Robert Berman Gallery","los-angeles-robert-berman-gallery","Los Angeles","CA","Museum","Yes","No","Yes","No","No contact info; No amenities"
"96a168c9-9042-4926-b12f-928baf4cbc9f","Forest Lawn","los-angeles-forest-lawn","Los Angeles","CA","Park","Yes","No","Yes","No","No contact info; No amenities"
"e17f5594-8b4d-4090-8cc4-09fc21b5f558","Gallery Luisotti","los-angeles-gallery-luisotti","Los Angeles","CA","Museum","Yes","No","Yes","No","No contact info; No amenities"
"4a9b28b0-af22-4922-b9cd-c01072f75d12","Pan Pacific Park","los-angeles-pan-pacific-park","Los Angeles","CA","Park","Yes","No","Yes","No","No contact info; No amenities"
"c57ba1f8-379c-4a0b-8432-049059ea0228","Gloria Molina Grand Park","los-angeles-gloria-molina-grand-park","Los Angeles","CA","Park","Yes","No","Yes","No","No contact info; No amenities"
"34b7d9db-a232-472d-917c-5e0216300a17","Thinkspace Gallery","los-angeles-thinkspace-gallery","Los Angeles","CA","Museum","Yes","Yes","Yes","No","No amenities"
"a8c0cce2-f1f3-4755-af88-0527fbf5a8f6","Griffith Park","los-angeles-griffith-park","Los Angeles","CA","Park","Yes","Yes","Yes","No","No amenities"
"448d7264-e5f7-45f4-958d-65967d805c12","The Huntington Library, Art Museum, and Botanical Gardens","los-angeles-the-huntington-library-art-museum-and-botanical-gardens","Los Angeles","CA","Museum","Yes","Yes","Yes","No","No amenities"
"52753cf3-98cc-4a21-a4f5-a044d36f2035","Art Los Angeles Contemporary","los-angeles-art-los-angeles-contemporary","Los Angeles","CA","Museum","Yes","Yes","No","No","No hours; No amenities"
"9340536c-e93b-4f08-b084-30d0b1ccc1d4","Meerkat","houston-meerkat","Houston","TX","Zoo","Yes","Yes","No","No","No hours; No amenities"
"aceb782b-cc6d-41b9-a6b4-bd8e49c2ca68","Shakespeare Bridge Garden","los-angeles-shakespeare-bridge-garden","Los Angeles","CA","Park","Yes","No","Yes","No","No contact info; No amenities"
"d1fbe44f-e4af-4494-acf1-c661370ff2d1","Artworks","austin-artworks","Austin","TX","Museum","Yes","No","Yes","No","No contact info; No amenities"
"f2bf9ecd-c334-4158-8e39-e509f1f12fcc","Venice Beach Recreation Center","los-angeles-venice-beach-recreation-center","Los Angeles","CA","Park","Yes","No","Yes","No","No contact info; No amenities"
"29631cb7-4722-4c80-b6a7-ac707460ffad","Library Parking","jacksonville-library-parking","Jacksonville","FL","Library","Yes","No","Yes","No","No contact info; No amenities"
"04383e50-39b7-4220-ac00-422e922ce8c3","Jerome C. Daniel Overlook above the Hollywood Bowl","los-angeles-jerome-c-daniel-overlook-above-the-hollywood-bowl","Los Angeles","CA","Park","Yes","No","No","No","No contact info; No hours; No amenities"
"ce655aca-5329-41e2-9a5e-3da9837ed414","Brown Eastside Branch Library","jacksonville-brown-eastside-branch-library","Jacksonville","FL","Library","Yes","No","Yes","No","No contact info; No amenities"
"02c07620-aa80-4220-b19f-48173bdede5c","Electric Fountain","los-angeles-electric-fountain","Los Angeles","CA","Park","Yes","No","Yes","No","No contact info; No amenities"
"58186c1e-0be0-4f29-9a6e-ee8564a24bd0","Brentwood Branch Library","jacksonville-brentwood-branch-library","Jacksonville","FL","Library","Yes","Yes","Yes","No","No amenities"
"9f656c2f-0784-4081-aa3a-497725c45454","El Pueblo de Los Ángeles Historical Monument","los-angeles-el-pueblo-de-los-ngeles-historical-monument","Los Angeles","CA","Park","Yes","Yes","Yes","No","No amenities"
"5a3e1913-85ea-47a0-9a01-357cd605266f","Reptile & Amphibian House","houston-reptile-amphibian-house","Houston","TX","Zoo","Yes","Yes","No","No","No hours; No amenities"
"a1f54577-382c-4426-9f86-3cd8b104ff88","Stephanie's Art Gallery/Custom Framing","los-angeles-stephanie-s-art-gallery-custom-framing","Los Angeles","CA","Museum","Yes","No","Yes","No","No contact info; No amenities"
"96ba039c-03f3-496a-b196-05cfd413dcff","Echo Park","los-angeles-echo-park","Los Angeles","CA","Park","Yes","No","Yes","No","No contact info; No amenities"
"c72949c4-6d38-4ea5-97d7-6442d2be1b33","TAG Gallery","los-angeles-tag-gallery","Los Angeles","CA","Museum","Yes","No","Yes","No","No contact info; No amenities"
"6fa0f6ba-d37c-4279-859d-b32ea008b619","Hillside Memorial Park and Mortuary","los-angeles-hillside-memorial-park-and-mortuary","Los Angeles","CA","Park","Yes","No","Yes","No","No contact info; No amenities"
"778f7e91-a2b8-4393-9756-0f1787f225b8","Bronson Canyon Playground","los-angeles-bronson-canyon-playground","Los Angeles","CA","Park","Yes","No","Yes","No","No contact info; No amenities"
"72dad129-0367-4ecf-94b9-1ff66b448082","Lincoln Park","los-angeles-lincoln-park","Los Angeles","CA","Park","Yes","No","Yes","No","No contact info; No amenities"
"a32b30f6-ec06-4b10-8a84-d4d5da58fb1f","The University of Chicago Library","chicago-the-university-of-chicago-library","Chicago","IL","Library","Yes","Yes","Yes","No","No amenities"
"e1bbefab-10d3-4498-99a1-b4f38a22aa78","Habitat Africa! The Forest","chicago-habitat-africa-the-forest","Chicago","IL","Zoo","Yes","Yes","Yes","No","No amenities"
"d559b975-bb1c-47a5-9778-eb8f939663f9","Regenstein Small Mammal and Reptile House","chicago-regenstein-small-mammal-and-reptile-house","Chicago","IL","Zoo","Yes","Yes","Yes","No","No amenities"
"74097d1a-473f-4c6d-9216-a4b79aadc386","Flamingo Terrace","houston-flamingo-terrace","Houston","TX","Zoo","Yes","Yes","No","No","No hours; No amenities"
"61d36188-31e6-40a8-b6eb-5a16e06e085c","Franklin Canyon Park, Mountains Recreation & Conservation Authority","los-angeles-franklin-canyon-park-mountains-recreation-conservation-authority","Los Angeles","CA","Park","Yes","No","Yes","No","No contact info; No amenities"
"d04262a5-f2fe-4bc7-9c3b-381c21e1c586","Lacy Park","los-angeles-lacy-park","Los Angeles","CA","Park","Yes","No","No","No","No contact info; No hours; No amenities"
"c76c9114-a902-4505-a039-d554ea5a43a4","Cheviot Hills Recreation Center","los-angeles-cheviot-hills-recreation-center","Los Angeles","CA","Park","Yes","No","Yes","No","No contact info; No amenities"
"c1001bde-da69-4880-a830-26128abb8b09","Friedman Frederick D","los-angeles-friedman-frederick-d","Los Angeles","CA","Library","Yes","No","No","No","No contact info; No hours; No amenities"
"66e45afb-bcc7-48c5-9d6d-036562362c02","Field Museum","chicago-field-museum","Chicago","IL","Museum","Yes","Yes","Yes","No","No amenities"
"d2d59adf-4a44-4281-a72f-ca41e16025d2","The Art Institute of Chicago","chicago-the-art-institute-of-chicago","Chicago","IL","Museum","Yes","Yes","Yes","No","No amenities"
"491d8800-8940-4303-bb0c-684810077fca","Museum Of Contemporary Art Chicago","chicago-museum-of-contemporary-art-chicago","Chicago","IL","Museum","Yes","Yes","Yes","No","No amenities"
"2fc7692e-810d-44b5-810b-2d5fbf4dd14f","Frank Lloyd Wright Home & Studio","chicago-frank-lloyd-wright-home-studio","Chicago","IL","Museum","Yes","Yes","Yes","No","No amenities"
"114e2dd9-1500-4760-a060-0a3e5d1a26e2","The Library Store","los-angeles-the-library-store","Los Angeles","CA","Library","Yes","Yes","Yes","No","No amenities"
"bfe5f77b-b893-4197-9398-f4d742a2bdb9","Santa Monica Public Library","los-angeles-santa-monica-public-library","Los Angeles","CA","Library","Yes","Yes","Yes","No","No amenities"
"621740d6-d43d-422f-a7a1-30bcc59c329b","Norris Medical Library","los-angeles-norris-medical-library","Los Angeles","CA","Library","Yes","No","Yes","No","No contact info; No amenities"
"c7d8d650-3ad7-4eea-9033-f0c5c510a049","Alhambra Civic Center Library","los-angeles-alhambra-civic-center-library","Los Angeles","CA","Library","Yes","No","Yes","No","No contact info; No amenities"
"ef1f3729-5994-4f11-a96d-8836e420fac7","Frances Howard Goldwyn - Hollywood Regional Branch Library","los-angeles-frances-howard-goldwyn-hollywood-regional-branch-library","Los Angeles","CA","Library","Yes","No","Yes","No","No contact info; No amenities"
"dbb2deb5-2605-4bff-ace8-ce4d82248d09","West Hollywood Library","los-angeles-west-hollywood-library","Los Angeles","CA","Library","Yes","Yes","Yes","No","No amenities"
"8f68d090-b99a-4707-a8bb-8c940c696c4a","Chicago History Museum","chicago-chicago-history-museum","Chicago","IL","Museum","Yes","Yes","Yes","No","No amenities"
"84401e9e-153d-46ec-9069-edf53135ddc3","Lillstreet Art Center","chicago-lillstreet-art-center","Chicago","IL","Museum","Yes","Yes","Yes","No","No amenities"
"363cf6da-be43-47c4-a37c-dd113adcd895","Buena Vista Branch Library","los-angeles-buena-vista-branch-library","Los Angeles","CA","Library","Yes","Yes","Yes","No","No amenities"
"5c11af38-0bbf-4ec1-a0c1-2cb2e085e335","Peggy Notebaert Nature Museum","chicago-peggy-notebaert-nature-museum","Chicago","IL","Museum","Yes","Yes","Yes","No","No amenities"
"4ebfc5b4-53a7-44fb-ba42-202f3f20f015","Chicago Children's Museum","chicago-chicago-children-s-museum","Chicago","IL","Museum","Yes","Yes","Yes","No","No amenities"
"86266ea2-c3d1-406a-ae21-39893ea2f64d","Flamingo Pond","houston-flamingo-pond","Houston","TX","Zoo","Yes","Yes","No","No","No hours; No amenities"
"6a514aa4-8028-49ce-a28c-b15ca86663f8","Glendale Central Library","los-angeles-glendale-central-library","Los Angeles","CA","Library","Yes","No","Yes","No","No contact info; No amenities"
"10cc521d-c852-4f14-91ce-f65d3ca18677","Frederick C. Robie House","chicago-frederick-c-robie-house","Chicago","IL","Museum","Yes","No","Yes","No","No contact info; No amenities"
"cf57a88f-4166-49d4-8035-4250fafdc890","Holocaust Museum LA","los-angeles-holocaust-museum-la","Los Angeles","CA","Museum","Yes","No","No","No","No contact info; No hours; No amenities"
"dfa47753-695b-4e6c-951f-d0b5ff657cfb","Federal Reserve Bank of Chicago","chicago-federal-reserve-bank-of-chicago","Chicago","IL","Museum","Yes","No","Yes","No","No contact info; No amenities"
"87a511d4-14f6-4e12-9ccb-e56ed9767928","Public Health Library","los-angeles-public-health-library","Los Angeles","CA","Library","Yes","No","Yes","No","No contact info; No amenities"
"d6217fee-c4c0-4c2b-b265-5b3512216cc1","International Museum of Surgical Science","chicago-international-museum-of-surgical-science","Chicago","IL","Museum","Yes","Yes","Yes","No","No amenities"
"f13fdb04-d3cb-4af1-b6ce-8f3a8b6e7060","LA Law Library","los-angeles-la-law-library","Los Angeles","CA","Library","Yes","Yes","Yes","No","No amenities"
"5c6245c0-bfb3-44c0-ac77-3ad6e13fb303","Newberry Library","chicago-newberry-library","Chicago","IL","Museum","Yes","Yes","Yes","No","No amenities"
"bed25ee5-f3f1-404f-a7d9-15f8260f3755","Arts Library","los-angeles-arts-library","Los Angeles","CA","Library","Yes","No","Yes","No","No contact info; No amenities"
"5147dc31-dcd2-4b8b-88e5-ef3f8f825a42","Beverly Hills Public Library","los-angeles-beverly-hills-public-library","Los Angeles","CA","Library","Yes","No","Yes","No","No contact info; No amenities"
"ce9138fd-dda8-4c9b-96d2-420c296fe0c2","Kathrine G. McGovern Texas Wetlands","houston-kathrine-g-mcgovern-texas-wetlands","Houston","TX","Zoo","Yes","Yes","No","No","No hours; No amenities"
"a795cd77-0bb9-4907-9713-42187e4e133d","William Andrews Clark Memorial Library","los-angeles-william-andrews-clark-memorial-library","Los Angeles","CA","Library","Yes","No","Yes","No","No contact info; No amenities"
"bc50efe7-96d3-4476-8586-0d9f81a70fbf","Loyola University Museum of Art (LUMA)","chicago-loyola-university-museum-of-art-luma","Chicago","IL","Museum","Yes","No","Yes","No","No contact info; No amenities"
"536ad72b-ba78-4704-b6cb-445f56074de9","Heal the Bay Aquarium","los-angeles-heal-the-bay-aquarium","Los Angeles","CA","Aquarium","Yes","No","Yes","No","No contact info; No amenities"
"e21ba7cb-0a5d-486e-aaec-513a14f052d7","Roundhouse Aquarium","los-angeles-roundhouse-aquarium","Los Angeles","CA","Aquarium","Yes","No","Yes","No","No contact info; No amenities"
"316de9a1-cd28-4989-8fda-c609d6297fe4","Tin Tin Trading Inc.- Wholesale Only","los-angeles-tin-tin-trading-inc-wholesale-only","Los Angeles","CA","Aquarium","Yes","No","Yes","No","No contact info; No amenities"
"f31ca65b-bc69-495b-b1f0-06c8ae29fe29","Dolphin International","los-angeles-dolphin-international","Los Angeles","CA","Aquarium","Yes","No","Yes","No","No contact info; No amenities"
"02918939-27d9-4fcb-9616-c4e7b552418a","Silver Lake Branch Library","los-angeles-silver-lake-branch-library","Los Angeles","CA","Library","Yes","Yes","Yes","No","No amenities"
"bc45efe1-32e0-468d-a46a-8afc447c9c73","Leo F. Cain Library","los-angeles-leo-f-cain-library","Los Angeles","CA","Library","Yes","Yes","Yes","No","No amenities"
"bf98e2a9-660d-4fae-83db-847facfcc4ca","Jane Addams Hull-House Museum","chicago-jane-addams-hull-house-museum","Chicago","IL","Museum","Yes","Yes","Yes","No","No amenities"
"e243a2e0-533e-4385-a492-16b416b83b86","Living Art Aquatic Design, Inc.","los-angeles-living-art-aquatic-design-inc","Los Angeles","CA","Aquarium","Yes","No","Yes","No","No contact info; No amenities"
"ead605a3-c356-4c44-844f-b8ec7539bf69","Lotus Aquarium","los-angeles-lotus-aquarium","Los Angeles","CA","Aquarium","Yes","No","Yes","No","No contact info; No amenities"
"d678e54d-bd50-4ba3-913d-afb154e1429b","Lifegard Aquatics","los-angeles-lifegard-aquatics","Los Angeles","CA","Aquarium","Yes","No","Yes","No","No contact info; No amenities"
"3d031f3e-b1cb-4263-9be7-146330274815","Aquarium Geeks LA","los-angeles-aquarium-geeks-la","Los Angeles","CA","Aquarium","Yes","No","Yes","No","No contact info; No amenities"
"ff4323dd-053e-4102-873f-614f1d06542a","Grant Park","chicago-grant-park","Chicago","IL","Park","Yes","Yes","Yes","No","No amenities"
"20e8d6f5-7ec2-4fe4-8294-0bc7e6b4b40c","Intuit Art Museum","chicago-intuit-art-museum","Chicago","IL","Museum","Yes","Yes","Yes","No","No amenities"
"f06b4f76-6364-476a-ab34-7a589375547b","Griffin Museum of Science and Industry","chicago-griffin-museum-of-science-and-industry","Chicago","IL","Museum","Yes","Yes","Yes","No","No amenities"
"ec13c051-f411-45ce-96b4-049d51a7c3e8","Millennium Park","chicago-millennium-park","Chicago","IL","Park","Yes","Yes","Yes","No","No amenities"
"e3a52edd-2dab-40b8-a6ea-6e64566f5e28","Ari's pet shop","los-angeles-ari-s-pet-shop","Los Angeles","CA","Aquarium","Yes","Yes","Yes","No","No amenities"
"30782f01-a2fc-4f0b-b6a5-b2a567b58d00","Clarence F. Buckingham Memorial Fountain","chicago-clarence-f-buckingham-memorial-fountain","Chicago","IL","Park","Yes","Yes","No","No","No hours; No amenities"
"fa37469c-5e88-4bc3-b9e5-6f6cf8741689","Reef Tank Design & Services Inc.","los-angeles-reef-tank-design-services-inc","Los Angeles","CA","Aquarium","Yes","No","Yes","No","No contact info; No amenities"
"c9f9b7bd-6e72-461b-81c2-c462b8031fff","Nicholas J. Melas Centennial Fountain","chicago-nicholas-j-melas-centennial-fountain","Chicago","IL","Park","Yes","No","No","No","No contact info; No hours; No amenities"
"f0954a86-76e4-4678-9190-c01c521c606a","McKinley (William) Park","chicago-mckinley-william-park","Chicago","IL","Park","Yes","No","Yes","No","No contact info; No amenities"
"95955214-663e-458a-b4ba-4ef14c4450d4","Rosehill Cemetery","chicago-rosehill-cemetery","Chicago","IL","Park","Yes","No","Yes","No","No contact info; No amenities"
"ed44cf92-3f38-4295-9cef-00dfd219c1cb","Parkway Bank Park Entertainment District","chicago-parkway-bank-park-entertainment-district","Chicago","IL","Park","Yes","No","No","No","No contact info; No hours; No amenities"
"5ab10bda-bf97-4d1d-b28a-2f690dc3a1e0","Dvorak (Anton) Park","chicago-dvorak-anton-park","Chicago","IL","Park","Yes","No","Yes","No","No contact info; No amenities"
"212601cf-f56a-4c59-9bd2-b07940ff9dd4","Lincoln Park Conservatory (Free with Reservations)","chicago-lincoln-park-conservatory-free-with-reservations","Chicago","IL","Park","Yes","Yes","Yes","No","No amenities"
"e57cd8fb-97ac-4e0b-b81e-59277179b273","Garfield Park Conservatory","chicago-garfield-park-conservatory","Chicago","IL","Park","Yes","Yes","Yes","No","No amenities"
"7c64b8f9-c3a4-4a02-9d16-8e239bdccdbb","Ping Tom Memorial Park","chicago-ping-tom-memorial-park","Chicago","IL","Park","Yes","Yes","Yes","No","No amenities"
"7a40b50a-e982-4854-8e41-e424d82cb249","Wiggly Field Dog Park","chicago-wiggly-field-dog-park","Chicago","IL","Park","Yes","Yes","Yes","No","No amenities"
"c6dbbcdd-ca3d-4073-993f-58a1624f9959","Pulaski (Casimir) Park","chicago-pulaski-casimir-park","Chicago","IL","Park","Yes","No","Yes","No","No contact info; No amenities"
"2f4474d2-f7dd-4ffd-8e89-86cb61a13635","Koi Madura International","los-angeles-koi-madura-international","Los Angeles","CA","Aquarium","Yes","No","Yes","No","No contact info; No amenities"
"6702e522-8798-4033-beb7-1efcc0cbf97a","Aquavida365","los-angeles-aquavida365","Los Angeles","CA","Aquarium","Yes","No","Yes","No","No contact info; No amenities"
"06f1c8a0-221d-4794-a9a1-b8f5c42ae3bd","Montebello Barnyard Zoo","los-angeles-montebello-barnyard-zoo","Los Angeles","CA","Zoo","Yes","No","Yes","No","No contact info; No amenities"
"4dc2b4fc-ed47-49ce-a9e3-a6eca8691b42","Los Angeles Zoo","los-angeles-los-angeles-zoo","Los Angeles","CA","Park","Yes","No","Yes","No","No contact info; No amenities"
"29e82693-0069-45e5-936b-662a64d7ee01","Lakeshore East","chicago-lakeshore-east","Chicago","IL","Park","Yes","No","No","No","No contact info; No hours; No amenities"
"01a553c3-fabc-4e54-bc34-4111e480021d","Hawk On Hand Falconry","los-angeles-hawk-on-hand-falconry","Los Angeles","CA","Park","Yes","No","No","No","No contact info; No hours; No amenities"
"9ae787ed-09bb-4d72-b999-8a940beac039","Welles (Gideon) Park","chicago-welles-gideon-park","Chicago","IL","Park","Yes","No","Yes","No","No contact info; No amenities"
"91148b56-76bb-4a18-8215-b10c17a9e5a6","Aquarium Arts","los-angeles-aquarium-arts","Los Angeles","CA","Aquarium","Yes","No","Yes","No","No contact info; No amenities"
"0f225967-50f3-4d43-b9d5-3a30811f2c52","Mark's Tropical Fish","los-angeles-mark-s-tropical-fish","Los Angeles","CA","Aquarium","Yes","Yes","Yes","No","No amenities"
"584a2f6a-72e0-4100-9128-44821acbb596","Old Los Angeles Zoo","los-angeles-old-los-angeles-zoo","Los Angeles","CA","Park","Yes","No","Yes","No","No contact info; No amenities"
"d6e51027-d900-4270-a585-078f5f7ca9fe","Elephants of Asia","los-angeles-elephants-of-asia","Los Angeles","CA","Zoo","Yes","No","Yes","No","No contact info; No amenities"
"a6ee908f-0329-42d2-b8c8-e1fd25e02b5a","Living Amphibians Invertebrates and Reptiles","los-angeles-living-amphibians-invertebrates-and-reptiles","Los Angeles","CA","Zoo","Yes","No","Yes","No","No contact info; No amenities"
"e7c587b0-3065-4517-af02-3a557c4b3d4e","Slothpod","los-angeles-slothpod","Los Angeles","CA","Zoo","Yes","No","Yes","No","No contact info; No amenities"
"223d50d0-1ba6-4929-aae2-666389f3cd37","Regal Edwards Alhambra Renaissance","los-angeles-regal-edwards-alhambra-renaissance","Los Angeles","CA","Movie Theater","Yes","No","Yes","No","No contact info; No amenities"
"200d2b8e-f38c-4727-b17a-029d2d755505","Gill (Joseph) Park","chicago-gill-joseph-park","Chicago","IL","Park","Yes","No","Yes","No","No contact info; No amenities"
"27e1234e-af79-48c6-ac96-b8805932eea9","Chase Park","chicago-chase-park","Chicago","IL","Park","Yes","No","Yes","No","No contact info; No amenities"
"b5f9c96d-f51a-44b1-a7c3-31e6e9441f0c","Cedar Park","chicago-cedar-park","Chicago","IL","Park","Yes","No","Yes","No","No contact info; No amenities"
"89331761-26dd-400e-8ce6-d7d5d78e820a","Dolby Theatre","los-angeles-dolby-theatre","Los Angeles","CA","Movie Theater","Yes","Yes","Yes","No","No amenities"
"e9c10643-b621-4690-837b-dbdff321b537","AMC Century City 15","los-angeles-amc-century-city-15","Los Angeles","CA","Movie Theater","Yes","Yes","No","No","No hours; No amenities"
"1420df8b-4cd7-4e81-8544-b0113a768366","HHLA Entertainment","los-angeles-hhla-entertainment","Los Angeles","CA","Movie Theater","Yes","No","Yes","No","No contact info; No amenities"
"2a3f322d-db52-46c0-bf6c-e0863020ef33","Murray-Green Library","chicago-murray-green-library","Chicago","IL","Library","Yes","No","Yes","No","No contact info; No amenities"
"c7bf7411-34be-4356-9f1f-2583a5dc3146","Chicago Board-Trade Library","chicago-chicago-board-trade-library","Chicago","IL","Library","Yes","No","No","No","No contact info; No hours; No amenities"
"f787e0e5-20cc-4e69-a385-0a7e51d86f8d","Institute for Clinical Social Work (ICSW)","chicago-institute-for-clinical-social-work-icsw","Chicago","IL","Library","Yes","No","Yes","No","No contact info; No amenities"
"40cff82b-6907-4c41-b27d-0885c9a91c51","JWT","chicago-jwt","Chicago","IL","Library","Yes","No","No","No","No contact info; No hours; No amenities"
"58e5ab6e-4f11-4066-839c-6cad2069ba5e","Harold Washington Library Center, Chicago Public Library","chicago-harold-washington-library-center-chicago-public-library","Chicago","IL","Library","Yes","Yes","Yes","No","No amenities"
"ff3fc4a0-ead5-4d00-80bd-71ad43edf002","Regal LA Live","los-angeles-regal-la-live","Los Angeles","CA","Movie Theater","Yes","Yes","Yes","No","No amenities"
"dcdd366f-477c-4d18-8a2c-6a0b64104e95","El Capitan Theatre","los-angeles-el-capitan-theatre","Los Angeles","CA","Movie Theater","Yes","Yes","No","No","No hours; No amenities"
"b635004d-01e1-45a9-addb-032b122539a0","AMC Burbank 16","los-angeles-amc-burbank-16","Los Angeles","CA","Movie Theater","Yes","Yes","No","No","No hours; No amenities"
"2d7c1677-f8bd-414a-a7e2-8f7a6137e845","AMC Burbank Town Center 8","los-angeles-amc-burbank-town-center-8","Los Angeles","CA","Movie Theater","Yes","Yes","No","No","No hours; No amenities"
"6f1d397d-ce90-4d2c-ac99-9d052efcb83d","Skokie Public Library","chicago-skokie-public-library","Chicago","IL","Library","Yes","Yes","Yes","No","No amenities"
"2a6e74cb-763e-4bfa-8111-19d636ca1aac","Wilbur Wright College Library","chicago-wilbur-wright-college-library","Chicago","IL","Library","Yes","No","Yes","No","No contact info; No amenities"
"7b6b6e68-f81c-4963-b9a5-659fd58c2e4f","AMC Atlantic Times Square 14","los-angeles-amc-atlantic-times-square-14","Los Angeles","CA","Movie Theater","Yes","Yes","No","No","No hours; No amenities"
"8897bffa-3d43-47ad-8ede-8051a8a2e8d9","AMC Montebello 10","los-angeles-amc-montebello-10","Los Angeles","CA","Movie Theater","Yes","Yes","No","No","No hours; No amenities"
"de5df9eb-6edb-459f-a68c-faca115b3211","Vista Theatre","los-angeles-vista-theatre","Los Angeles","CA","Movie Theater","Yes","Yes","No","No","No hours; No amenities"
"a399590f-f708-4f0d-8dcc-c3c590359434","IPIC Theaters","los-angeles-ipic-theaters","Los Angeles","CA","Movie Theater","Yes","Yes","Yes","No","No amenities"
"57fa1fd3-f185-4b14-bcc1-4d5d92f171f3","Park Ridge Public Library","chicago-park-ridge-public-library","Chicago","IL","Library","Yes","Yes","Yes","No","No amenities"
"b7235642-5fa4-46af-82b4-75217bf18275","Olive-Harvey College","chicago-olive-harvey-college","Chicago","IL","Library","Yes","Yes","No","No","No hours; No amenities"
"2981a7e6-2a28-4826-89b6-f6ed7cf4ebfc","Uptown Branch, Chicago Public Library","chicago-uptown-branch-chicago-public-library","Chicago","IL","Library","Yes","Yes","Yes","No","No amenities"
"4c37b5a0-72c7-45d8-8b0b-840cf126e9db","Ryerson & Burnham Library","chicago-ryerson-burnham-library","Chicago","IL","Library","Yes","Yes","Yes","No","No amenities"
"1ec7d94f-5c6d-4d6b-b0ef-5980be876673","Humboldt Park Branch, Chicago Public Library","chicago-humboldt-park-branch-chicago-public-library","Chicago","IL","Library","Yes","Yes","Yes","No","No amenities"
"29fd1bda-8f17-42db-a94f-9339f942ddc1","Klondike Gold Rush National Historical Park","seattle-klondike-gold-rush-national-historical-park","Seattle","WA","Museum","Yes","Yes","Yes","No","No amenities"
"4248101f-f9d5-4a84-985f-15be71d2b5c4","Landmark's Nuart Theatre","los-angeles-landmark-s-nuart-theatre","Los Angeles","CA","Movie Theater","Yes","No","No","No","No contact info; No hours; No amenities"
"a03e74f9-c963-464a-aa86-bc2d4c12922a","Pinz Bowling Kitchen + Bar","los-angeles-pinz-bowling-kitchen-bar","Los Angeles","CA","Recreation","Yes","No","Yes","No","No contact info; No amenities"
"6ef3f196-a34a-45ad-bfe8-e92952223639","Back Alley Bowling - Glendale","los-angeles-back-alley-bowling-glendale","Los Angeles","CA","Recreation","Yes","No","Yes","No","No contact info; No amenities"
"a4a299da-3d6c-4b38-b6ae-40e5d2e9b58e","Shatto 39 Lanes","los-angeles-shatto-39-lanes","Los Angeles","CA","Recreation","Yes","No","Yes","No","No contact info; No amenities"
"e744b1d9-4a00-41f0-aa13-e9b0262e795f","Lucky Strike Mar Vista","los-angeles-lucky-strike-mar-vista","Los Angeles","CA","Recreation","Yes","No","Yes","No","No contact info; No amenities"
"d33d5411-3d90-46a0-81be-6faed7cdb1cf","Lucky Strike at L.A. Live","los-angeles-lucky-strike-at-l-a-live","Los Angeles","CA","Recreation","Yes","No","Yes","No","No contact info; No amenities"
"7b020e56-02c8-43a6-957c-5ad1046ef025","Health Sciences Library","seattle-health-sciences-library","Seattle","WA","Library","Yes","Yes","Yes","No","No amenities"
"fe6c987d-b4bd-4935-8ea5-dba5994470df","University Library","chicago-university-library","Chicago","IL","Library","Yes","Yes","Yes","No","No amenities"
"92200019-9d12-4022-a347-76b8fb37f54c","Cinemark Baldwin Hills Crenshaw and XD","los-angeles-cinemark-baldwin-hills-crenshaw-and-xd","Los Angeles","CA","Movie Theater","Yes","Yes","No","No","No hours; No amenities"
"5531d0ea-6cf8-422f-b82b-c816b77603d7","AMC Burbank Town Center 6","los-angeles-amc-burbank-town-center-6","Los Angeles","CA","Movie Theater","Yes","Yes","No","No","No hours; No amenities"
"0ed6a2b9-6e70-403e-8888-8a53fc1052ab","Superior Pets","chicago-superior-pets","Chicago","IL","Aquarium","Yes","No","Yes","No","No contact info; No amenities"
"63f381ff-8d72-4d07-bb6b-acc9d5d0acea","Seven Seas","chicago-seven-seas","Chicago","IL","Aquarium","Yes","No","Yes","No","No contact info; No amenities"
"5dfe45eb-b120-4a3d-b025-b79aec154d2a","Abbott Oceanarium","chicago-abbott-oceanarium","Chicago","IL","Aquarium","Yes","No","No","No","No contact info; No hours; No amenities"
"535f84e8-6bfe-40c6-b5a1-624df9c396db","Dolphin Presentations","chicago-dolphin-presentations","Chicago","IL","Aquarium","Yes","No","Yes","No","No contact info; No amenities"
"1567ed3c-aef9-4d20-b055-72f1fc07bbc2","Art Attack","houston-art-attack","Houston","TX","Museum","Yes","No","Yes","No","No contact info; No amenities"
"d08726a9-b347-42f0-a30b-a608f7d507f3","Brookfield Zoo","chicago-brookfield-zoo","Chicago","IL","Aquarium","Yes","Yes","Yes","No","No amenities"
"be26c192-4156-4470-b4ca-4323e9ec483b","Caribbean Reef","chicago-caribbean-reef","Chicago","IL","Aquarium","Yes","Yes","Yes","No","No amenities"
"1171b5e8-f567-4844-beb2-0c3fd1b51a82","Wild Reef","chicago-wild-reef","Chicago","IL","Aquarium","Yes","Yes","Yes","No","No amenities"
"4c983bf1-9bd4-471d-9eb1-4383c147223e","Lincoln Park Zoo","chicago-lincoln-park-zoo","Chicago","IL","Zoo","Yes","Yes","Yes","No","No amenities"
"8245f409-3563-499a-8be2-71ffa24aa800","10pin Bowling Lounge","chicago-10pin-bowling-lounge","Chicago","IL","Recreation","Yes","Yes","Yes","No","No amenities"
"f5352254-c22d-4337-87b8-baf99abb9fe4","Bowlero Pasadena","los-angeles-bowlero-pasadena","Los Angeles","CA","Recreation","Yes","No","Yes","No","No contact info; No amenities"
"ec370580-a63e-465f-9c5e-8770e963ac5a","XLanes LA","los-angeles-xlanes-la","Los Angeles","CA","Recreation","Yes","No","Yes","No","No contact info; No amenities"
"67623862-eb56-4b5d-b6c5-41570c57a686","Gardena Bowl","los-angeles-gardena-bowl","Los Angeles","CA","Recreation","Yes","No","Yes","No","No contact info; No amenities"
"92d00c94-7ff4-4a83-8985-ddf7bb4dcf19","Highland Park Bowl","los-angeles-highland-park-bowl","Los Angeles","CA","Recreation","Yes","No","Yes","No","No contact info; No amenities"
"78e9ded6-8e99-424b-a45f-565d42dc1706","Gage Bowl","los-angeles-gage-bowl","Los Angeles","CA","Recreation","Yes","Yes","Yes","No","No amenities"
"f113f91c-2358-4285-ab13-1504e28ea59e","Action Lanes","los-angeles-action-lanes","Los Angeles","CA","Recreation","Yes","Yes","Yes","No","No amenities"
"f4222fea-5f67-470c-bd3f-cbb4791d1792","Del Rio Lanes","los-angeles-del-rio-lanes","Los Angeles","CA","Recreation","Yes","Yes","Yes","No","No amenities"
"2f8d0689-d3f7-4b8a-8c43-21350a2f7b91","Montrose Bowl","los-angeles-montrose-bowl","Los Angeles","CA","Recreation","Yes","Yes","Yes","No","No amenities"
"e38568b2-c974-4513-8faa-f5434f4a5768","The Spare Room","los-angeles-the-spare-room","Los Angeles","CA","Recreation","Yes","Yes","Yes","No","No amenities"
"b36da734-d199-4979-a207-cf72c446c9a3","Lucky Strike Los Angeles","los-angeles-lucky-strike-los-angeles","Los Angeles","CA","Recreation","Yes","Yes","Yes","No","No amenities"
"2e170fa2-be15-46b2-8577-8fbe3809581e","Pinniped Point","chicago-pinniped-point","Chicago","IL","Zoo","Yes","No","Yes","No","No contact info; No amenities"
"4ad3d7b5-2a00-465c-9251-bdb758b5ada2","Hoofed Animals","chicago-hoofed-animals","Chicago","IL","Zoo","Yes","No","Yes","No","No contact info; No amenities"
"1279f809-40e1-45e4-9551-e8eff9d731ff","Tropic World","chicago-tropic-world","Chicago","IL","Zoo","Yes","No","Yes","No","No contact info; No amenities"
"7439dbec-7413-4e50-9c2b-015728beb990","Kovler Lion House and Pepper Family Wildlife Center","chicago-kovler-lion-house-and-pepper-family-wildlife-center","Chicago","IL","Zoo","Yes","Yes","Yes","No","No amenities"
"4bbb591d-4482-4910-9290-acad0c4ccabd","MagIQ Escape Room","los-angeles-magiq-escape-room","Los Angeles","CA","Recreation","Yes","No","Yes","No","No contact info; No amenities"
"f3732203-6ab8-4fc6-a23d-4777bbcf33de","McCormick Bird House","chicago-mccormick-bird-house","Chicago","IL","Zoo","Yes","Yes","Yes","No","No amenities"
"44c41be0-8301-4eee-a14a-b5e4db9dc8e0","Robert and Mayari Pritzker Penguin Cove","chicago-robert-and-mayari-pritzker-penguin-cove","Chicago","IL","Zoo","Yes","Yes","Yes","No","No amenities"
"9f9e8c2d-d786-4491-af6e-e3fa3a635f5e","Pachyderm House","chicago-pachyderm-house","Chicago","IL","Zoo","Yes","Yes","No","No","No hours; No amenities"
"7e069a48-8c5f-49fb-b2dd-c816602db0e4","The Swamp","chicago-the-swamp","Chicago","IL","Zoo","Yes","Yes","Yes","No","No amenities"
"f3c0f585-104d-45b5-b9b6-e929bc20b61c","Regenstein Wolf Woods","chicago-regenstein-wolf-woods","Chicago","IL","Zoo","Yes","Yes","Yes","No","No amenities"
"878c3838-f2c2-4db8-b798-1e56a4aafcf3","Bowlero Montebello","los-angeles-bowlero-montebello","Los Angeles","CA","Recreation","Yes","No","Yes","No","No contact info; No amenities"
"1d766eb1-b08e-4bb8-a63a-1318ec0aa1dc","Sherman Oaks Castle Park","los-angeles-sherman-oaks-castle-park","Los Angeles","CA","Recreation","Yes","Yes","Yes","No","No amenities"
"83d0394a-1332-4503-83e8-d14123890b2a","Lucky Strike Beverly Hills","los-angeles-lucky-strike-beverly-hills","Los Angeles","CA","Recreation","Yes","No","Yes","No","No contact info; No amenities"
"c02191ea-bc51-4707-acc9-620915e6e08e","Golf N' Stuff","los-angeles-golf-n-stuff","Los Angeles","CA","Recreation","Yes","No","Yes","No","No contact info; No amenities"
"ecf3383c-23e1-46c9-9212-241f0300fea4","Playhouse4kids","los-angeles-playhouse4kids","Los Angeles","CA","Recreation","Yes","No","Yes","No","No contact info; No amenities"
"fc884742-0957-4629-820c-e3efc910f228","City Terrace Park","los-angeles-city-terrace-park","Los Angeles","CA","Park","Yes","No","Yes","No","No contact info; No amenities"
"1a6ce80a-a270-46e4-8df8-582a5365979d","Atomic Ant Creations | Custom Models","los-angeles-atomic-ant-creations-custom-models","Los Angeles","CA","Recreation","Yes","No","Yes","No","No contact info; No amenities"
"f492e7b8-cdb3-4c66-bfad-eb715907a0b3","North Park","los-angeles-north-park","Los Angeles","CA","Park","Yes","No","Yes","No","No contact info; No amenities"
"60fda38e-8754-4659-8216-a597f9d051b7","Griffith Park & Southern Railroad","los-angeles-griffith-park-southern-railroad","Los Angeles","CA","Recreation","Yes","Yes","Yes","No","No amenities"
"ea4873f5-48dc-4b42-a7fa-ad3a8d429fb0","Chicago Zoological Society","chicago-chicago-zoological-society","Chicago","IL","Zoo","Yes","No","Yes","No","No contact info; No amenities"
"184dd8c1-e7b5-4d4e-9bc2-b38325dd87b7","Hamill Family Play Zoo","chicago-hamill-family-play-zoo","Chicago","IL","Zoo","Yes","No","Yes","No","No contact info; No amenities"
"e4b3f574-d101-4f88-81c0-ca343b84df7f","Big Cats","chicago-big-cats","Chicago","IL","Zoo","Yes","No","Yes","No","No contact info; No amenities"
"07646c00-10e3-4c7d-8256-a39d74325bf4","Landmark's Century Centre Cinema","chicago-landmark-s-century-centre-cinema","Chicago","IL","Movie Theater","Yes","No","No","No","No contact info; No hours; No amenities"
"4e7c1743-03f5-4f1d-8908-8c24e1e5fb85","Kovler Seal Pool","chicago-kovler-seal-pool","Chicago","IL","Zoo","Yes","Yes","Yes","No","No amenities"
"ada861df-6294-4bcc-b414-b620353bbdf0","Stingray Touch","chicago-stingray-touch","Chicago","IL","Zoo","Yes","Yes","No","No","No hours; No amenities"
"44a390f7-e2de-4dd6-ad3e-d1371cc847e4","Regal City North","chicago-regal-city-north","Chicago","IL","Movie Theater","Yes","Yes","Yes","No","No amenities"
"a363ea68-f682-4a73-a0bb-e636211330a9","Regal Webster Place","chicago-regal-webster-place","Chicago","IL","Movie Theater","Yes","Yes","Yes","No","No amenities"
"13be80df-8aca-46fc-88b4-6c6d005d9b52","AMC River East 21","chicago-amc-river-east-21","Chicago","IL","Movie Theater","Yes","Yes","Yes","No","No amenities"
"91a1327f-bf1d-4841-a67b-2c1527880d78","AMC DINE-IN 600 North Michigan 9","chicago-amc-dine-in-600-north-michigan-9","Chicago","IL","Movie Theater","Yes","Yes","No","No","No hours; No amenities"
"39418826-3167-4fd8-b8b8-6f6bf5459779","The Logan Theatre","chicago-the-logan-theatre","Chicago","IL","Movie Theater","Yes","Yes","Yes","No","No amenities"
"31f7f6b7-03f8-4bad-86b8-c7ec1750c02d","Splash Zone","los-angeles-splash-zone","Los Angeles","CA","Recreation","Yes","No","Yes","No","No contact info; No amenities"
"d0cf8003-9e18-4a81-bf58-7e0bde7abe66","Boney Island","los-angeles-boney-island","Los Angeles","CA","Recreation","Yes","No","No","No","No contact info; No hours; No amenities"
"fb99e0ee-5571-4050-9bda-46844dbf5cbe","Universal Back Lot","los-angeles-universal-back-lot","Los Angeles","CA","Recreation","Yes","No","Yes","No","No contact info; No amenities"
"345e96e6-013f-4467-97be-a9146380e10a","USH Gate 7","los-angeles-ush-gate-7","Los Angeles","CA","Recreation","Yes","No","Yes","No","No contact info; No amenities"
"3c0d9516-ee46-4f72-8934-89375fb63c02","Hollywood Sign","los-angeles-hollywood-sign","Los Angeles","CA","Other","Yes","No","Yes","No","No contact info; No amenities"
"6ab2f46a-6bf9-4e7b-83d1-d419b9dc06fe","Gene Siskel Film Center","chicago-gene-siskel-film-center","Chicago","IL","Movie Theater","Yes","No","No","No","No contact info; No hours; No amenities"
"094ebe03-9384-43f6-9e24-0792c940a466","Sky Zone Trampoline Park","los-angeles-sky-zone-trampoline-park","Los Angeles","CA","Recreation","Yes","Yes","Yes","No","No amenities"
"ed45520d-fc34-49e9-91dd-bdb4fc76df9b","Emerald Mammon","los-angeles-emerald-mammon","Los Angeles","CA","Recreation","Yes","No","No","No","No contact info; No hours; No amenities"
"80238cca-539c-47b1-9aca-2c153a0d62c7","American Scenic Design Inc.","los-angeles-american-scenic-design-inc","Los Angeles","CA","Recreation","Yes","No","No","No","No contact info; No hours; No amenities"
"0fa1f04a-ca4f-4257-b270-5fa4d9f45d4a","Slip n Go","los-angeles-slip-n-go","Los Angeles","CA","Recreation","Yes","Yes","Yes","No","No amenities"
"cb429f06-93b1-426d-9eea-de21e9d3a527","The Brew & View","chicago-the-brew-view","Chicago","IL","Movie Theater","Yes","Yes","Yes","No","No amenities"
"7ef7b256-ee79-42b4-9966-45a58be11118","The Greek Theatre","los-angeles-the-greek-theatre","Los Angeles","CA","Other","Yes","Yes","Yes","No","No amenities"
"d0f48266-175b-4b8a-92b1-245c8459ec56","Davis Theater, Chicago","chicago-davis-theater-chicago","Chicago","IL","Movie Theater","Yes","No","No","No","No contact info; No hours; No amenities"
"15ed1652-5c35-4aa6-92db-51f91bb884a6","Classic Cinemas Lake XQ","chicago-classic-cinemas-lake-xq","Chicago","IL","Movie Theater","Yes","No","Yes","No","No contact info; No amenities"
"3f3e0048-c976-48fd-a16b-9054814823d9","Patio Theater","chicago-patio-theater","Chicago","IL","Movie Theater","Yes","No","No","No","No contact info; No hours; No amenities"
"55109483-b9a0-47ab-83e8-6f1cf3592df2","AMC Village Crossing 18","chicago-amc-village-crossing-18","Chicago","IL","Movie Theater","Yes","Yes","No","No","No hours; No amenities"
"a3a76c1c-2b4f-4426-ab81-56541cc80ced","Classic Cinemas North Riverside XQ","chicago-classic-cinemas-north-riverside-xq","Chicago","IL","Movie Theater","Yes","Yes","Yes","No","No amenities"
"0266d6b5-fb03-49d9-84a4-26bdefd02d37","Facets","chicago-facets","Chicago","IL","Movie Theater","Yes","Yes","Yes","No","No amenities"
"e678022d-8a42-4027-82b6-6e4e18b3ac2b","ACX Harper Theater- Hyde Park","chicago-acx-harper-theater-hyde-park","Chicago","IL","Movie Theater","Yes","Yes","Yes","No","No amenities"
"29b24ea3-a8cf-479b-b105-22277b56e964","AMC Chicago Ridge 6","chicago-amc-chicago-ridge-6","Chicago","IL","Movie Theater","Yes","Yes","No","No","No hours; No amenities"
"59e5e229-7c2f-4757-9e77-1fbdc8c20612","Pickwick Theatre","chicago-pickwick-theatre","Chicago","IL","Movie Theater","Yes","Yes","No","No","No hours; No amenities"
"b1914173-7b20-4cc8-ae47-c1ceaed3fa5a","Waveland Bowl","chicago-waveland-bowl","Chicago","IL","Recreation","Yes","Yes","Yes","No","No amenities"
"f2a94a95-8fbc-4c6b-bc5d-fe71ef2ed028","Diversey River Bowl","chicago-diversey-river-bowl","Chicago","IL","Recreation","Yes","Yes","Yes","No","No amenities"
"3605f008-810f-4fbc-9d87-37cbc7ad2520","Fireside Bowl","chicago-fireside-bowl","Chicago","IL","Recreation","Yes","No","Yes","No","No contact info; No amenities"
"d8273e9e-a515-41ff-a78f-d2e73d988983","Timber Lanes Bowling Alley","chicago-timber-lanes-bowling-alley","Chicago","IL","Recreation","Yes","No","Yes","No","No contact info; No amenities"
"11d33ad0-6585-4867-9f7c-2360027f6d73","Classic Bowl","chicago-classic-bowl","Chicago","IL","Recreation","Yes","No","Yes","No","No contact info; No amenities"
"69b59121-e9bc-44a4-8cf1-aa1891a7bc4a","MOCA (Museum Of Contemporary Art), Jacksonville","jacksonville-moca-museum-of-contemporary-art-jacksonville","Jacksonville","FL","Museum","Yes","No","Yes","No","No contact info; No amenities"
"48d588fe-e616-4b83-845f-8850227e4d30","Cummer Museum of Art & Gardens","jacksonville-cummer-museum-of-art-gardens","Jacksonville","FL","Museum","Yes","No","Yes","No","No contact info; No amenities"
"332838f8-ef46-4587-addc-6bd912ea6122","Knott Garden - Mural & Floor Cloth Designs","austin-knott-garden-mural-floor-cloth-designs","Austin","TX","Museum","Yes","No","No","No","No contact info; No hours; No amenities"
"3548b16c-ebdd-4572-a16e-56237f4167a3","Lucky Strike Chicago","chicago-lucky-strike-chicago","Chicago","IL","Recreation","Yes","Yes","Yes","No","No amenities"
"313e0a47-3655-4ba5-b782-2b0acf74fae3","Kings Dining & Entertainment","chicago-kings-dining-entertainment","Chicago","IL","Recreation","Yes","Yes","Yes","No","No amenities"
"a0e361c0-d3f8-4ef4-a97a-fa84838ad08a","Bowlero Niles","chicago-bowlero-niles","Chicago","IL","Recreation","Yes","Yes","Yes","No","No amenities"
"12721531-0fe4-431c-a72f-f4f686b4ccbc","Austin Art & Frame","austin-austin-art-frame","Austin","TX","Museum","Yes","Yes","Yes","No","No amenities"
"1e413717-c369-4c6a-99ac-9abea5116cf6","Bowlero River Grove","chicago-bowlero-river-grove","Chicago","IL","Recreation","Yes","No","Yes","No","No contact info; No amenities"
"7c1afda0-216e-46ce-a372-4eece627d5cd","Arena Lanes","chicago-arena-lanes","Chicago","IL","Recreation","Yes","No","Yes","No","No contact info; No amenities"
"7cb59182-e38e-4e05-818b-327a63407fc6","Dr. Martin Luther King, Jr. Roller Skating and Bowling Center","chicago-dr-martin-luther-king-jr-roller-skating-and-bowling-center","Chicago","IL","Recreation","Yes","No","Yes","No","No contact info; No amenities"
"e9f0fd9d-bf7a-44e4-8fb1-5d9a954beb60","Town Hall Bowl and Banquet","chicago-town-hall-bowl-and-banquet","Chicago","IL","Recreation","Yes","Yes","Yes","No","No amenities"
"8f8077d8-dda8-4351-87d1-76e536ae2a7c","Wilmette Bowling Center Inc","chicago-wilmette-bowling-center-inc","Chicago","IL","Recreation","Yes","Yes","Yes","No","No amenities"
"b1254a03-7c33-43c8-be74-6e1a3debb2f3","Circle Bowling Lanes","chicago-circle-bowling-lanes","Chicago","IL","Recreation","Yes","Yes","Yes","No","No amenities"
"9e5d524c-4a87-440c-9ae7-93304c62a0d9","IIT's The Bog","chicago-iit-s-the-bog","Chicago","IL","Recreation","Yes","Yes","Yes","No","No amenities"
"cbb1c820-ba6b-451c-bc51-48bc96a45cb1","Burr Oak Bowl","chicago-burr-oak-bowl","Chicago","IL","Recreation","Yes","Yes","Yes","No","No amenities"
"b5350651-c344-4a96-b0f4-00ee98401a49","Zhou B Art Center","chicago-zhou-b-art-center","Chicago","IL","Museum","Yes","Yes","Yes","No","No amenities"
"35fc42bf-8879-4839-ad2d-65eea30ec6ea","Niles Park District Oasis Waterpark","chicago-niles-park-district-oasis-waterpark","Chicago","IL","Recreation","Yes","No","Yes","No","No contact info; No amenities"
"0d7df970-2c0d-497a-84e0-1dbf451669d1","Cermak Family Aquatic Center","chicago-cermak-family-aquatic-center","Chicago","IL","Recreation","Yes","No","Yes","No","No contact info; No amenities"
"90aa2f1c-c615-4b6e-9263-785bd642f344","The Great Escape Room Chicago","chicago-the-great-escape-room-chicago","Chicago","IL","Recreation","Yes","No","Yes","No","No contact info; No amenities"
"d560245e-9a8d-4013-ab7d-c5cde28cdbd6","Park District of Forest Park Aquatic Center","chicago-park-district-of-forest-park-aquatic-center","Chicago","IL","Recreation","Yes","No","No","No","No contact info; No hours; No amenities"
"15c47fb6-e997-4a7b-a05d-4f4ef21f554c","Burbank Park District Water Park (Seasonal)","chicago-burbank-park-district-water-park-seasonal","Chicago","IL","Park","Yes","No","Yes","No","No contact info; No amenities"
"6b788ff3-cc11-431a-b949-20e993a120f2","Splash Harbor","chicago-splash-harbor","Chicago","IL","Recreation","Yes","No","No","No","No contact info; No hours; No amenities"
"5ef19cc3-8f46-418c-8e5e-657c1fc8f6eb","iFLY Indoor Skydiving - Chicago Rosemont","chicago-ifly-indoor-skydiving-chicago-rosemont","Chicago","IL","Recreation","Yes","No","Yes","No","No contact info; No amenities"
"3c6137bf-e9dc-477f-a37c-2c2a134918af","WhoaZone at Whihala Beach","chicago-whoazone-at-whihala-beach","Chicago","IL","Recreation","Yes","No","No","No","No contact info; No hours; No amenities"
"96e7ce78-a1c6-4ae9-bfca-6cfef243a2a6","Peoria Crossings Commerce Park","phoenix-peoria-crossings-commerce-park","Phoenix","AZ","Park","Yes","No","No","No","No contact info; No hours; No amenities"
"43b3e11a-a4b5-43bb-bf6b-e7db73dfe077","PanIQ Escape Room Chicago (Fulton Market)","chicago-paniq-escape-room-chicago-fulton-market","Chicago","IL","Recreation","Yes","Yes","Yes","No","No amenities"
"64a5023e-2624-4bd7-aa8d-31097828c708","Lake Shore East Park Water Spray Feature","chicago-lake-shore-east-park-water-spray-feature","Chicago","IL","Recreation","Yes","No","No","No","No contact info; No hours; No amenities"
"70928627-1a0b-45aa-b3ef-4ead9195de9d","Fosco Park Water Playground","chicago-fosco-park-water-playground","Chicago","IL","Recreation","Yes","No","No","No","No contact info; No hours; No amenities"
"1d783f6f-082a-469c-83fe-3826efaa734c","875 North Michigan Avenue","chicago-875-north-michigan-avenue","Chicago","IL","Other","Yes","No","Yes","No","No contact info; No amenities"
"8b07c776-38bb-41e8-bc0b-e1d1cdd04f34","S.R. Crown Hall (IIT)","chicago-s-r-crown-hall-iit","Chicago","IL","Other","Yes","No","Yes","No","No contact info; No amenities"
"0d74e834-a285-4ab4-b806-c02ba1e4726c","The Whistler","chicago-the-whistler","Chicago","IL","Museum","Yes","No","Yes","No","No contact info; No amenities"
"78ff9c82-2a10-4c81-9f87-59f92bcb8b72","Richard Norton Gallery","chicago-richard-norton-gallery","Chicago","IL","Museum","Yes","No","Yes","No","No contact info; No amenities"
"c7b78ce6-7788-45ee-9a83-1b8383ac9e15","Jefferson Park Water Spray Feature","chicago-jefferson-park-water-spray-feature","Chicago","IL","Recreation","Yes","No","No","No","No contact info; No hours; No amenities"
"d96453f2-146b-46c8-a7dd-19b37202829f","Throop Park Water Spray Feature","chicago-throop-park-water-spray-feature","Chicago","IL","Recreation","Yes","No","No","No","No contact info; No hours; No amenities"
"5420561b-ac6a-4d95-944f-6aa5286c3377","Chicago Park 578 Water Spray Feature","chicago-chicago-park-578-water-spray-feature","Chicago","IL","Recreation","Yes","No","No","No","No contact info; No hours; No amenities"
"ea85b0aa-4fef-4ad1-ad3d-de302e0bf61d","Judkins Spraypark","seattle-judkins-spraypark","Seattle","WA","Recreation","Yes","No","No","No","No contact info; No hours; No amenities"
"5ae997f9-ee5f-4346-8052-bad8ac399e30","Color Factory Chicago","chicago-color-factory-chicago","Chicago","IL","Museum","Yes","Yes","Yes","No","No amenities"
"34dae3ee-eb24-4257-88b1-35e910b68d2c","Cloud Gate","chicago-cloud-gate","Chicago","IL","Other","Yes","Yes","No","No","No hours; No amenities"
"df584f07-c53b-4a1e-a789-29e7e3baaa8b","Hawthorne Works","chicago-hawthorne-works","Chicago","IL","Other","Yes","Yes","Yes","No","No amenities"
"129723b4-387d-416e-9dbe-5070cde708b1","Skydeck Chicago","chicago-skydeck-chicago","Chicago","IL","Other","Yes","No","Yes","No","No contact info; No amenities"
"90a36fee-f231-4857-b43e-b595fa7d7524","City Gallery in the Historic Water Tower","chicago-city-gallery-in-the-historic-water-tower","Chicago","IL","Museum","Yes","No","Yes","No","No contact info; No amenities"
"02d0acc1-b208-4abe-bd1a-68c83faf2893","The Bridgeport Art Center","chicago-the-bridgeport-art-center","Chicago","IL","Museum","Yes","No","Yes","No","No contact info; No amenities"
"86c6066b-1583-457f-b9cf-cb64a0d6415b","360 CHICAGO","chicago-360-chicago","Chicago","IL","Other","Yes","Yes","Yes","No","No amenities"
"a68b9aae-1441-468f-9a9a-a8d5dfaf79e2","Adler Planetarium","chicago-adler-planetarium","Chicago","IL","Other","Yes","Yes","Yes","No","No amenities"
"b6ffb7f3-d644-431a-bcc6-1ec66542cf1f","Wrigley Field","chicago-wrigley-field","Chicago","IL","Other","Yes","Yes","No","No","No hours; No amenities"
"58a75f43-4883-4ca3-b304-2631b3e21211","Chicago Cultural Center","chicago-chicago-cultural-center","Chicago","IL","Other","Yes","Yes","Yes","No","No amenities"
"751a8226-63e0-43ad-9c77-c3a587c076ec","Zolla Lieberman Gallery Inc","chicago-zolla-lieberman-gallery-inc","Chicago","IL","Museum","Yes","Yes","Yes","No","No amenities"
"9f68be54-7996-457f-a6cd-315e5eb8c158","Hyde Park Art Center","chicago-hyde-park-art-center","Chicago","IL","Museum","Yes","Yes","Yes","No","No amenities"
"a40447e7-f045-46ef-bd95-bb6686f36fc7","Gallery Cabaret","chicago-gallery-cabaret","Chicago","IL","Museum","Yes","Yes","Yes","No","No amenities"
"c8c124a5-99dc-4d56-a49e-e8cd80136c9f","Rotofugi","chicago-rotofugi","Chicago","IL","Museum","Yes","No","Yes","No","No contact info; No amenities"
"7334f7f3-644a-4ebd-85f4-75320c0a8fed","The Museum of Fine Arts, Houston","houston-the-museum-of-fine-arts-houston","Houston","TX","Museum","Yes","No","Yes","No","No contact info; No amenities"
"ada6ddeb-31ba-469e-a26a-e85d1d36d331","The Menil Collection","houston-the-menil-collection","Houston","TX","Museum","Yes","No","Yes","No","No contact info; No amenities"
"d2ff56db-21e1-4c90-9f9f-e94031d4cce6","The Orange Show Center for Visionary Art","houston-the-orange-show-center-for-visionary-art","Houston","TX","Museum","Yes","No","Yes","No","No contact info; No amenities"
"bdcefa20-31dd-4b86-b492-bc0206f7e343","Bayou Bend Collection and Gardens, Museum of Fine Arts, Houston","houston-bayou-bend-collection-and-gardens-museum-of-fine-arts-houston","Houston","TX","Museum","Yes","No","Yes","No","No contact info; No amenities"
"193e1ba9-a480-421f-9858-50740b9a97ce","Beer Can House","houston-beer-can-house","Houston","TX","Museum","Yes","No","Yes","No","No contact info; No amenities"
"c08b8b98-aa40-4feb-b1b9-adb40eeae699","Mana Contemporary Chicago","chicago-mana-contemporary-chicago","Chicago","IL","Museum","Yes","Yes","Yes","No","No amenities"
"3ad6b90c-42a6-4771-8789-fc6709796a53","Children's Museum Houston","houston-children-s-museum-houston","Houston","TX","Museum","Yes","Yes","Yes","No","No amenities"
"25822309-f331-45b5-b86c-0462128cc2d3","Holocaust Museum Houston","houston-holocaust-museum-houston","Houston","TX","Museum","Yes","Yes","Yes","No","No amenities"
"7e4b9958-4883-43dd-babb-9ce6bc62160b","Rothko Chapel","houston-rothko-chapel","Houston","TX","Museum","Yes","No","Yes","No","No contact info; No amenities"
"38da03c2-1ed7-411a-bd5a-f77c7c024183","Maria's Packaged Goods and Community Bar","chicago-maria-s-packaged-goods-and-community-bar","Chicago","IL","Museum","Yes","No","Yes","No","No contact info; No amenities"
"b5c9e4a9-d3c6-464a-9308-c02aded500bf","AfriWare Books, Co","chicago-afriware-books-co","Chicago","IL","Museum","Yes","No","No","No","No contact info; No hours; No amenities"
"f2d5a74f-d3c0-4087-8a9f-a5057cc20058","Gerald D. Hines Waterwall Park","houston-gerald-d-hines-waterwall-park","Houston","TX","Park","Yes","No","Yes","No","No contact info; No amenities"
"d7814920-569f-475e-a1ae-0304e2f0d6f1","Market Square Park","houston-market-square-park","Houston","TX","Park","Yes","No","Yes","No","No contact info; No amenities"
"6a177824-e868-4f9e-ba2c-a14a3bd78958","Memorial Park","houston-memorial-park","Houston","TX","Park","Yes","No","Yes","No","No contact info; No amenities"
"a65e8c04-3aed-4518-a9af-f248f32c2cc0","Keith-Wiess Park","houston-keith-wiess-park","Houston","TX","Park","Yes","No","No","No","No contact info; No hours; No amenities"
"6d436c91-6427-4033-9431-73fe8c461e6f","Fulton Street Collective","chicago-fulton-street-collective","Chicago","IL","Museum","Yes","Yes","Yes","No","No amenities"
"52b4ad62-44be-462a-b05f-7eac29b39859","Andersonville Galleria","chicago-andersonville-galleria","Chicago","IL","Museum","Yes","No","Yes","No","No contact info; No amenities"
"abf6f88d-21d4-416d-b1fd-15f39a6dccfe","Houston Sports Park","houston-houston-sports-park","Houston","TX","Park","Yes","Yes","No","No","No hours; No amenities"
"78bfff6e-b773-48ba-b2ef-1229a598972c","Discovery Green","houston-discovery-green","Houston","TX","Park","Yes","Yes","Yes","No","No amenities"
"f8c63fef-3953-4ab3-9f60-640ba4483c4c","Lee and Joe Jamail Skatepark","houston-lee-and-joe-jamail-skatepark","Houston","TX","Park","Yes","Yes","Yes","No","No amenities"
"0d888613-1f1e-4ce1-b19c-1aac5ed8b658","AMC Arizona Center 24","phoenix-amc-arizona-center-24","Phoenix","AZ","Movie Theater","Yes","Yes","No","No","No hours; No amenities"
"164ab443-b305-4372-8471-09fa4ecff996","Caroline Wiess Law Building at the Museum of Fine Arts, Houston","houston-caroline-wiess-law-building-at-the-museum-of-fine-arts-houston","Houston","TX","Museum","Yes","No","Yes","No","No contact info; No amenities"
"4df2cfde-1a18-4656-ab8d-fd9050b06be0","Nature Discovery Center","houston-nature-discovery-center","Houston","TX","Museum","Yes","No","Yes","No","No contact info; No amenities"
"c3ee30cc-534d-4170-91a9-50450ad0b4a8","Center for African American Military History dba Buffalo Soldiers National Museum","houston-center-for-african-american-military-history-dba-buffalo-soldiers-national-museum","Houston","TX","Museum","Yes","No","No","No","No contact info; No hours; No amenities"
"3b0db070-5ea5-4326-9001-2af3435f5970","Harkins Theatres Valley Art","phoenix-harkins-theatres-valley-art","Phoenix","AZ","Movie Theater","Yes","No","No","No","No contact info; No hours; No amenities"
"4e67cf72-d9a9-4fbb-9b7c-67ce6002026c","The Health Museum","houston-the-health-museum","Houston","TX","Museum","Yes","Yes","Yes","No","No amenities"
"c87eb97c-028e-4b0a-b20f-2cdde841d35a","Asia Society Texas Center","houston-asia-society-texas-center","Houston","TX","Museum","Yes","Yes","Yes","No","No amenities"
"31c2319e-9ed2-4c87-938d-874ef401c7f4","Lawndale Art Center","houston-lawndale-art-center","Houston","TX","Museum","Yes","Yes","Yes","No","No amenities"
"6d533b7b-15c2-4a89-b0b2-028ddef9d69a","Houston Center For Photography","houston-houston-center-for-photography","Houston","TX","Museum","Yes","Yes","Yes","No","No amenities"
"172ebbc7-0524-487a-a231-65eed4cf1ae2","The Houston Fire Museum","houston-the-houston-fire-museum","Houston","TX","Museum","Yes","Yes","Yes","No","No amenities"
"f2ff94ac-c8e8-4add-a161-e27f5f88a00c","The Heritage Society at Sam Houston Park","houston-the-heritage-society-at-sam-houston-park","Houston","TX","Museum","Yes","Yes","Yes","No","No amenities"
"3afe40df-a8fe-4234-92e7-daccd2bf7497","The Printing Museum","houston-the-printing-museum","Houston","TX","Museum","Yes","Yes","Yes","No","No amenities"
"6af20fe3-daa7-4d31-a854-0066e21fb367","Houston Museum of African American Culture","houston-houston-museum-of-african-american-culture","Houston","TX","Museum","Yes","No","Yes","No","No contact info; No amenities"
"f57bc8bd-71a2-4d86-a78b-ee00edd70bed","Spotts Park","houston-spotts-park","Houston","TX","Park","Yes","No","Yes","No","No contact info; No amenities"
"b2b624cd-3d05-4fe9-beac-0279054a1ebf","TMC Library (Texas Medical Center Library)","houston-tmc-library-texas-medical-center-library","Houston","TX","Library","Yes","No","Yes","No","No contact info; No amenities"
"08e4850a-9234-461d-826c-b03338040f43","Zebra","houston-zebra","Houston","TX","Zoo","Yes","No","No","No","No contact info; No hours; No amenities"
"62682023-b1b1-4c17-b3d8-4839ebe826bd","Red River Hog","houston-red-river-hog","Houston","TX","Zoo","Yes","No","No","No","No contact info; No hours; No amenities"
"9f55eab9-fd84-4e61-90d7-33963d8b75b7","Regal Edwards Greenway Grand Palace","houston-regal-edwards-greenway-grand-palace","Houston","TX","Movie Theater","Yes","No","Yes","No","No contact info; No amenities"
"57291888-5835-4080-bbc1-9dc351e60edc","Baker & Botts Law Library","houston-baker-botts-law-library","Houston","TX","Library","Yes","No","No","No","No contact info; No hours; No amenities"
"3abfef22-24ba-427c-ae39-249f9c2a6cc1","Lakeview RV Resort by QRV","houston-lakeview-rv-resort-by-qrv","Houston","TX","Park","Yes","Yes","Yes","No","No amenities"
"f43acd15-8875-4c4c-8d23-675cfed3c706","Japanese Garden","houston-japanese-garden","Houston","TX","Park","Yes","Yes","Yes","No","No amenities"
"c9bbf2e7-0fc5-48c7-be64-6be9f10726bc","Parent Resource Library","houston-parent-resource-library","Houston","TX","Library","Yes","Yes","Yes","No","No amenities"
"b6298e18-1b24-4131-ae22-f85c060c1aa6","Tom Bass Regional Park Section III","houston-tom-bass-regional-park-section-iii","Houston","TX","Park","Yes","No","Yes","No","No contact info; No amenities"
"7dcfafd9-fff4-4c33-aa41-dec68765bb46","Bane Park","houston-bane-park","Houston","TX","Park","Yes","No","Yes","No","No contact info; No amenities"
"36fc90b2-b1f1-4786-a610-2867ac77a13e","Jetstream RV Resort at Pearland","houston-jetstream-rv-resort-at-pearland","Houston","TX","Park","Yes","No","Yes","No","No contact info; No amenities"
"5c69eddf-5a1f-4d61-8719-e6c7f721618e","Bayland Park","houston-bayland-park","Houston","TX","Park","Yes","No","Yes","No","No contact info; No amenities"
"3f664c5b-444b-4e16-b87a-2e781a4cb56d","Harris County Parks Department","houston-harris-county-parks-department","Houston","TX","Park","No","No","No","No","No photos; No contact info; No hours; No amenities"
"589bb712-4702-4051-8ffd-2ad0b58c3ee6","Integrity Funeral Home at Forest Lawn Cemetery","houston-integrity-funeral-home-at-forest-lawn-cemetery","Houston","TX","Park","Yes","No","Yes","No","No contact info; No amenities"
"2feae8dd-e634-4823-bf03-fc2b381b6ae4","T.C.Jester Park","houston-t-c-jester-park","Houston","TX","Park","Yes","No","Yes","No","No contact info; No amenities"
"176c73f6-24e4-424f-8c78-c1ca6aade38e","Ervan Chew Dog Park","houston-ervan-chew-dog-park","Houston","TX","Park","Yes","No","Yes","No","No contact info; No amenities"
"792dbbcb-210d-44f3-956c-3ce8a81747d0","Montrose Library","houston-montrose-library","Houston","TX","Library","Yes","No","Yes","No","No contact info; No amenities"
"0995846b-37ba-4c75-ac01-ce5d28acc087","Gulf Coast Geological Log Library","houston-gulf-coast-geological-log-library","Houston","TX","Library","No","No","Yes","No","No photos; No contact info; No amenities"
"647b0307-2e2c-4f1d-933d-2ca6bf5421aa","M D Anderson Patient Relaxation Area","houston-m-d-anderson-patient-relaxation-area","Houston","TX","Library","Yes","No","No","No","No contact info; No hours; No amenities"
"7e80d7da-2c05-48da-a1f2-7914d34acc7e","Texas Monthly","houston-texas-monthly","Houston","TX","Library","No","No","No","No","No photos; No contact info; No hours; No amenities"
"73132da9-813c-416c-a6b6-83c59471c7ac","The Ohio Railway Museum","columbus-the-ohio-railway-museum","Columbus","OH","Museum","Yes","No","Yes","No","No contact info; No amenities"
"e2b65241-f858-44ae-a04d-2dc3f9822ec0","Harris County Public Library - Spring Branch Memorial Library","houston-harris-county-public-library-spring-branch-memorial-library","Houston","TX","Library","Yes","No","Yes","No","No contact info; No amenities"
"e85f16e4-f6a7-41fe-9a5a-72be0a383d28","Fondren Library","houston-fondren-library","Houston","TX","Library","Yes","No","Yes","No","No contact info; No amenities"
"d9000007-1ea5-4499-9530-57e5b57afc57","Family History Research Center at the Clayton Library Campus","houston-family-history-research-center-at-the-clayton-library-campus","Houston","TX","Library","Yes","No","Yes","No","No contact info; No amenities"
"82c06aa2-7252-4895-9822-2877a2865ca5","Looscan Neighborhood Library","houston-looscan-neighborhood-library","Houston","TX","Library","Yes","No","Yes","No","No contact info; No amenities"
"b7c83731-3276-44dc-90cc-e6c9f1e389ff","Kendall Neighborhood Library & Community Center","houston-kendall-neighborhood-library-community-center","Houston","TX","Library","Yes","No","Yes","No","No contact info; No amenities"
"560f53bf-1f77-42a5-b1d8-dad1e4c57e15","Harris County Robert W. Hainsworth Law Library","houston-harris-county-robert-w-hainsworth-law-library","Houston","TX","Library","Yes","No","Yes","No","No contact info; No amenities"
"9ca37013-c550-41c2-bf35-8d2fed5765a2","Johnson Neighborhood Library","houston-johnson-neighborhood-library","Houston","TX","Library","Yes","No","Yes","No","No contact info; No amenities"
"b43f6766-bff8-4aa2-a5f0-f6d8d007725c","Bellaire City Library","houston-bellaire-city-library","Houston","TX","Library","Yes","No","Yes","No","No contact info; No amenities"
"7fac8276-fdcc-4d6d-bec6-3b708ba8933d","West University Branch Library","houston-west-university-branch-library","Houston","TX","Library","Yes","No","Yes","No","No contact info; No amenities"
"20582b43-5102-483f-9287-f9991a7c36a0","Aldine Branch Library","houston-aldine-branch-library","Houston","TX","Library","Yes","No","Yes","No","No contact info; No amenities"
"9c53372e-92fd-4156-958b-58fe2bb307bc","Volunteer Park Wading Pool","seattle-volunteer-park-wading-pool","Seattle","WA","Recreation","Yes","No","No","No","No contact info; No hours; No amenities"
"9152fec0-5178-4933-9dfa-89c42a943bba","Downtown Aquarium","houston-downtown-aquarium","Houston","TX","Aquarium","Yes","No","Yes","No","No contact info; No amenities"
"37b3e58b-0c90-40d6-b7ff-cf7e24cf69f8","Aquarium Restaurant","houston-aquarium-restaurant","Houston","TX","Aquarium","Yes","No","Yes","No","No contact info; No amenities"
"8b089ffe-077c-431e-a860-35b14a2a927c","The Fish Tank Houston LLC","houston-the-fish-tank-houston-llc","Houston","TX","Aquarium","Yes","No","Yes","No","No contact info; No amenities"
"fab1f7f4-7409-422d-a314-aee471eac82d","GamboaGlass","houston-gamboaglass","Houston","TX","Aquarium","Yes","No","Yes","No","No contact info; No amenities"
"c6c01e4a-b6f6-4f2d-9f84-119ce0cc7f43","Fondren Fish & Pets","houston-fondren-fish-pets","Houston","TX","Aquarium","Yes","No","Yes","No","No contact info; No amenities"
"eec982d9-b00a-406b-8fd8-58ebf6eb1b78","360CoralzExport","houston-360coralzexport","Houston","TX","Aquarium","Yes","No","Yes","No","No contact info; No amenities"
"c1c041f7-9fca-4ce1-b664-d0f7bf09aeba","Houston Interactive Aquarium & Animal Preserve","houston-houston-interactive-aquarium-animal-preserve","Houston","TX","Aquarium","Yes","No","Yes","No","No contact info; No amenities"
"07504f56-3510-4554-9980-503ce63484e8","Houston Aqua","houston-houston-aqua","Houston","TX","Aquarium","Yes","No","Yes","No","No contact info; No amenities"
"2f867586-81c1-4fd3-b930-7f702861087d","All About Fish","houston-all-about-fish","Houston","TX","Aquarium","Yes","No","Yes","No","No contact info; No amenities"
"4a7e0967-ae76-42c2-857f-8824d8e88e16","Thuy Sinh USA","houston-thuy-sinh-usa","Houston","TX","Aquarium","No","No","Yes","No","No photos; No contact info; No amenities"
"aaa2578c-46d4-4126-8116-9289a4262c35","Houston Zoo","houston-houston-zoo","Houston","TX","Zoo","Yes","No","Yes","No","No contact info; No amenities"
"9c517c0c-c55b-4434-8eb6-89e50c1bf69a","Beacon Mountain Spraypark","seattle-beacon-mountain-spraypark","Seattle","WA","Recreation","No","No","No","No","No photos; No contact info; No hours; No amenities"
"07aad336-cdda-4ea2-a80d-6140e582e162","Jacksonville's "Hands On" Children's Museum","jacksonville-jacksonville-s-hands-on-children-s-museum","Jacksonville","FL","Museum","Yes","No","Yes","No","No contact info; No amenities"
"02d4c230-a5ee-4e5c-9062-18b48dbf05e2","HEB Lone Star Pavalion","houston-heb-lone-star-pavalion","Houston","TX","Zoo","No","No","No","No","No photos; No contact info; No hours; No amenities"
"cfc71cca-d044-477c-ac7d-78043cff3a0f","Cougar","houston-cougar","Houston","TX","Zoo","Yes","No","No","No","No contact info; No hours; No amenities"
"089d9ed9-8d4c-44fc-9646-30f99583c6f3","John P. McGovern Children's Zoo","houston-john-p-mcgovern-children-s-zoo","Houston","TX","Zoo","Yes","No","Yes","No","No contact info; No amenities"
"c23ac6df-904e-461d-a4ac-22bcba2f3073","Lion Enclosure","houston-lion-enclosure","Houston","TX","Zoo","Yes","No","Yes","No","No contact info; No amenities"
"3b9616bb-c43a-43b9-8bbb-f6d1bac9eb9c","Bear Enclave","houston-bear-enclave","Houston","TX","Zoo","Yes","No","No","No","No contact info; No hours; No amenities"
"99a7b503-c666-4cde-93e3-5ccae1b2c13b","Ankole Cattle","houston-ankole-cattle","Houston","TX","Zoo","Yes","No","Yes","No","No contact info; No amenities"
"294de21e-f152-4ff4-a887-ab55b2434f8e","Tree Hill Nature Center","jacksonville-tree-hill-nature-center","Jacksonville","FL","Museum","Yes","No","Yes","No","No contact info; No amenities"
"101a599c-84fd-424b-9970-91407241296d","Ritz Theatre & Museum, Jacksonville","jacksonville-ritz-theatre-museum-jacksonville","Jacksonville","FL","Museum","Yes","No","Yes","No","No contact info; No amenities"
"8e40dbee-98c7-40e9-8216-8ab844ea9631","Mandarin Museum and Historical Society","jacksonville-mandarin-museum-and-historical-society","Jacksonville","FL","Museum","Yes","No","Yes","No","No contact info; No amenities"
"09785958-ed48-485e-9231-8c32e1d54d11","Kingsley Plantation","jacksonville-kingsley-plantation","Jacksonville","FL","Museum","Yes","No","Yes","No","No contact info; No amenities"
"b4fb13ed-fb8e-4230-a16c-e9db7916e6cc","Mussallem Galleries","jacksonville-mussallem-galleries","Jacksonville","FL","Museum","Yes","No","Yes","No","No contact info; No amenities"
"3c33e577-aafe-4a8c-bb7d-f95d338d81f5","Mandarin Store & Post Office","jacksonville-mandarin-store-post-office","Jacksonville","FL","Museum","Yes","No","No","No","No contact info; No hours; No amenities"
"a2cb34ee-207c-4200-b422-3dc8da466caa","Regal Edwards Houston Marq'E","houston-regal-edwards-houston-marq-e","Houston","TX","Movie Theater","Yes","No","Yes","No","No contact info; No amenities"
"5eb8673d-5910-4335-afef-01ae24f12f4e","AMC Houston 8","houston-amc-houston-8","Houston","TX","Movie Theater","Yes","No","No","No","No contact info; No hours; No amenities"
"df2c3c27-0523-4013-bbb1-adeb2751ccd1","The River Oaks Theatre","houston-the-river-oaks-theatre","Houston","TX","Movie Theater","Yes","No","Yes","No","No contact info; No amenities"
"ddd01934-68f5-4f43-a1f4-691513a9c076","Cinemark Tinseltown Jacinto City and XD","houston-cinemark-tinseltown-jacinto-city-and-xd","Houston","TX","Movie Theater","Yes","No","No","No","No contact info; No hours; No amenities"
"fa905dd3-1c24-4e0a-ab61-d1fd665afa15","Cinemark Tinseltown Houston 290 and XD","houston-cinemark-tinseltown-houston-290-and-xd","Houston","TX","Movie Theater","Yes","No","No","No","No contact info; No hours; No amenities"
"e22652d7-6dea-4f2e-87cd-f5e170a5882a","AMC Gulf Pointe 30","houston-amc-gulf-pointe-30","Houston","TX","Movie Theater","Yes","No","Yes","No","No contact info; No amenities"
"656dde93-cd49-4e2e-9629-0b7504f22f50","Cinemark Memorial City","houston-cinemark-memorial-city","Houston","TX","Movie Theater","Yes","No","Yes","No","No contact info; No amenities"
"39b30ba3-4ce9-4310-aa68-1f4cef810bb3","AMC Fountains 18","houston-amc-fountains-18","Houston","TX","Movie Theater","Yes","No","No","No","No contact info; No hours; No amenities"
"6df4169c-3277-4e06-a157-2fc1583f9564","Pearland Premiere LUX 6","houston-pearland-premiere-lux-6","Houston","TX","Movie Theater","Yes","No","Yes","No","No contact info; No amenities"
"1e585f98-71fa-458e-b240-e2ed0ff25e25","Marq-E Entertainment Center","houston-marq-e-entertainment-center","Houston","TX","Movie Theater","Yes","No","Yes","No","No contact info; No amenities"
"6e35028a-5651-4d02-a6f3-095ea3cea717","TV Installation Houston","houston-tv-installation-houston","Houston","TX","Movie Theater","Yes","No","Yes","No","No contact info; No amenities"
"bc3a45e7-9e45-433d-90d0-4f1af07f1fb0","America Cinemas Pasadena","houston-america-cinemas-pasadena","Houston","TX","Movie Theater","Yes","No","Yes","No","No contact info; No amenities"
"b4404991-4dd7-4e0d-b0ce-8db56571e90f","Student Center Theater","houston-student-center-theater","Houston","TX","Movie Theater","Yes","No","Yes","No","No contact info; No amenities"
"0a8504f5-236e-4602-a6a1-6caa2b35f2ba","Rice Cinema","houston-rice-cinema","Houston","TX","Movie Theater","Yes","No","No","No","No contact info; No hours; No amenities"
"85244133-4d5b-4751-839a-cd9c2c435a9e","IPIC Theaters","houston-ipic-theaters","Houston","TX","Movie Theater","Yes","No","Yes","No","No contact info; No amenities"
"918b46ed-a0da-47ea-9e66-487d589ee131","America Cinemas Houston","houston-america-cinemas-houston","Houston","TX","Movie Theater","Yes","No","Yes","No","No contact info; No amenities"
"52b4c96b-1f5d-436e-bc7c-4dc89e31e60a","Lucky Strike Houston","houston-lucky-strike-houston","Houston","TX","Recreation","Yes","No","Yes","No","No contact info; No amenities"
"e2c40cdf-1180-462b-abc0-57f3b142c4e3","Del Mar Lanes","houston-del-mar-lanes","Houston","TX","Recreation","Yes","No","Yes","No","No contact info; No amenities"
"e5e59831-da2c-4adc-b56e-21bafde68c7f","AMF Windfern Lanes","houston-amf-windfern-lanes","Houston","TX","Recreation","Yes","No","Yes","No","No contact info; No amenities"
"41306a2a-d20a-4852-8a69-5c9d0d93d44f","Emerald Bowl","houston-emerald-bowl","Houston","TX","Recreation","Yes","No","Yes","No","No contact info; No amenities"
"b5ed6d72-b3eb-48d2-a8e3-0571cc69faa0","Main Event Stafford","houston-main-event-stafford","Houston","TX","Recreation","Yes","No","Yes","No","No contact info; No amenities"
"512aad42-7c12-4613-bc3c-3f4f3c6af01c","Armadilla Lanes II","houston-armadilla-lanes-ii","Houston","TX","Recreation","Yes","No","Yes","No","No contact info; No amenities"
"527be6e0-8cd9-4187-a78e-f6dedec4b0d1","Armadilla Lanes","houston-armadilla-lanes","Houston","TX","Recreation","Yes","No","Yes","No","No contact info; No amenities"
"d0c2f986-bc3b-4b5b-bd82-1239a097af1a","University of Houston Games Rooms","houston-university-of-houston-games-rooms","Houston","TX","Recreation","Yes","No","Yes","No","No contact info; No amenities"
"e1cd2350-6f63-4cc1-99eb-3b3513141ea7","Carol Norman's Pro Shop","houston-carol-norman-s-pro-shop","Houston","TX","Recreation","Yes","No","Yes","No","No contact info; No amenities"
"3918d319-9bb5-4f11-9a47-1d2a799abd8d","810 Entertainment - Houston","houston-810-entertainment-houston","Houston","TX","Recreation","Yes","No","Yes","No","No contact info; No amenities"
"2d40a7ff-ea00-41f4-afb6-d8c027dda366","Palace Social","houston-palace-social","Houston","TX","Recreation","Yes","No","Yes","No","No contact info; No amenities"
"54eaa1f5-196f-4b70-b879-fd3603851528","Greater Pasadena USBC","houston-greater-pasadena-usbc","Houston","TX","Recreation","No","No","Yes","No","No photos; No contact info; No amenities"
"306e080b-ea13-43b2-9d8b-47af3b90973c","Wildlife Carousel","houston-wildlife-carousel","Houston","TX","Recreation","Yes","No","Yes","No","No contact info; No amenities"
"ec2178f5-b491-4ce6-9f2e-37795582bf69","Dinsmore Historical Museum","jacksonville-dinsmore-historical-museum","Jacksonville","FL","Museum","Yes","No","No","No","No contact info; No hours; No amenities"
"5ba03ce8-a7f1-41cb-8f33-f03665e312cc","iFLY Indoor Skydiving - Houston Memorial","houston-ifly-indoor-skydiving-houston-memorial","Houston","TX","Recreation","Yes","No","Yes","No","No contact info; No amenities"
"08fc3750-d557-4507-a82e-6a0f6e4097ac","Strawberry Water Park","houston-strawberry-water-park","Houston","TX","Recreation","Yes","No","Yes","No","No contact info; No amenities"
"90ba4244-b386-438c-9504-a6f34e41a336","Urban Air Trampoline and Adventure Park","houston-urban-air-trampoline-and-adventure-park","Houston","TX","Recreation","Yes","No","Yes","No","No contact info; No amenities"
"360c91a2-c516-4405-86d4-e8d03fdbdb06","Diamond Bay Water Park","houston-diamond-bay-water-park","Houston","TX","Recreation","Yes","No","Yes","No","No contact info; No amenities"
"fe6835f3-68ca-4151-8f4b-d33fefe2692d","Georgetown Spraypark","seattle-georgetown-spraypark","Seattle","WA","Recreation","Yes","No","No","No","No contact info; No hours; No amenities"
"562db789-fce7-4042-b94e-8e4bae2df8f8","Speedy's Fast Track","houston-speedy-s-fast-track","Houston","TX","Recreation","Yes","No","Yes","No","No contact info; No amenities"
"cbe5647c-f32f-48a4-97e9-ab1ee146b8f6","Jumping World","houston-jumping-world","Houston","TX","Recreation","Yes","No","Yes","No","No contact info; No amenities"
"e6775928-b010-4370-b7f8-4ab8f7e55078","Club Westside","houston-club-westside","Houston","TX","Recreation","Yes","No","Yes","No","No contact info; No amenities"
"8a5b67a5-66be-40c0-97d3-048ddf20b0ff","Bryan-Gooding Planetarium","jacksonville-bryan-gooding-planetarium","Jacksonville","FL","Museum","Yes","No","Yes","No","No contact info; No amenities"
"53f1cb0f-05f4-453b-864d-d7e17fdc3530","Houston Terror Dome Haunted House","houston-houston-terror-dome-haunted-house","Houston","TX","Recreation","Yes","No","Yes","No","No contact info; No amenities"
"7b8f9b65-7059-4c26-b5cd-0272d738247c","The Jenner","houston-the-jenner","Houston","TX","Recreation","No","No","No","No","No photos; No contact info; No hours; No amenities"
"b3287e81-1896-4714-b37d-a471c4b4c00f","Michelle Y Williams Gallery","houston-michelle-y-williams-gallery","Houston","TX","Museum","No","No","No","No","No photos; No contact info; No hours; No amenities"
"f01192b6-653b-4204-b65a-3af45b98aac4","Art League Houston","houston-art-league-houston","Houston","TX","Museum","Yes","No","Yes","No","No contact info; No amenities"
"032aac94-7ab9-411e-9a3d-4f992fb0ba77","Prestige Fine Arts","houston-prestige-fine-arts","Houston","TX","Museum","No","No","No","No","No photos; No contact info; No hours; No amenities"
"ed935918-dba1-482f-a548-3154d4ba1ca0","Archway Gallery","houston-archway-gallery","Houston","TX","Museum","Yes","No","Yes","No","No contact info; No amenities"
"345fd59b-555c-45b8-85a9-5827c8598f34","Houston Center for Contemporary Craft","houston-houston-center-for-contemporary-craft","Houston","TX","Museum","Yes","No","Yes","No","No contact info; No amenities"
"49356f41-98ee-4f50-9ff0-df882bb33fef","First Saturday Arts Market","houston-first-saturday-arts-market","Houston","TX","Museum","Yes","No","No","No","No contact info; No hours; No amenities"
"f4cc3778-65de-42d0-a9bc-5359bf16eea1","Hamilton Jacqueline","houston-hamilton-jacqueline","Houston","TX","Museum","No","No","No","No","No photos; No contact info; No hours; No amenities"
"1afa5291-8f6f-4c85-94ba-83acf4aacd33","Barbara Davis Gallery","houston-barbara-davis-gallery","Houston","TX","Museum","Yes","No","Yes","No","No contact info; No amenities"
"de1aa929-22fd-47b9-add1-2cc951e7618e","Color Factory Houston","houston-color-factory-houston","Houston","TX","Museum","Yes","No","Yes","No","No contact info; No amenities"
"92df3f39-d618-4a8a-8efc-db29f657853d","Splash Zone Houston","houston-splash-zone-houston","Houston","TX","Recreation","No","No","Yes","No","No photos; No contact info; No amenities"
"51116006-3e88-4663-a138-893c03d61253","AGR Sports Indoor Paintball, Laser Tag, Gellyball and Axe Throwing","houston-agr-sports-indoor-paintball-laser-tag-gellyball-and-axe-throwing","Houston","TX","Recreation","Yes","No","Yes","No","No contact info; No amenities"
"445f773b-716c-4647-8955-2751c9d6c8eb","LaVilla Museum","jacksonville-lavilla-museum","Jacksonville","FL","Museum","No","No","Yes","No","No photos; No contact info; No amenities"
"901bbdfb-bb41-444d-8c3a-dd65c5aed52e","USS Orleck Naval Museum","jacksonville-uss-orleck-naval-museum","Jacksonville","FL","Museum","Yes","No","Yes","No","No contact info; No amenities"
"9f4e9993-a39d-4e06-9a52-66703d904539","Union Station","houston-union-station","Houston","TX","Other","Yes","No","No","No","No contact info; No hours; No amenities"
"5840061c-f6ec-45d3-bf53-40124c9244ca","Hermann Park Golf Course","houston-hermann-park-golf-course","Houston","TX","Other","Yes","No","Yes","No","No contact info; No amenities"
"80c7688f-2554-4aff-8174-2b34b22e1899","Sicardi Ayers Bacino","houston-sicardi-ayers-bacino","Houston","TX","Museum","Yes","No","Yes","No","No contact info; No amenities"
"47306875-2e57-4154-aef3-186fb154ad88","Josh Pazda Hiram Butler","houston-josh-pazda-hiram-butler","Houston","TX","Museum","Yes","No","Yes","No","No contact info; No amenities"
"18c37611-6bd2-4c98-a3ff-a3cd496e78b2","Anya Tish Gallery","houston-anya-tish-gallery","Houston","TX","Museum","Yes","No","Yes","No","No contact info; No amenities"
"b32196e6-e5e8-42ad-80aa-4bea628a5bef","Dunbar Galleries","houston-dunbar-galleries","Houston","TX","Museum","No","No","Yes","No","No photos; No contact info; No amenities"
"02443279-ac35-4221-b725-e696a44915f1","Laura Rathe Fine Art","houston-laura-rathe-fine-art","Houston","TX","Museum","Yes","No","Yes","No","No contact info; No amenities"
"fdb10615-5be9-437d-ab54-9c9cee60d61d","Gallery Sonja Roesch","houston-gallery-sonja-roesch","Houston","TX","Museum","Yes","No","Yes","No","No contact info; No amenities"
"c285d082-ad08-4ddc-a752-825766259d0e","Jay’s Frames","houston-jay-s-frames","Houston","TX","Museum","Yes","No","Yes","No","No contact info; No amenities"
"29313fd3-c86f-45d2-9227-e68b68bff222","Desert Botanical Garden","phoenix-desert-botanical-garden","Phoenix","AZ","Museum","Yes","No","Yes","No","No contact info; No amenities"
"9e89c2da-4ec4-4e6c-8a65-a083bc214e08","Tempe Beach Park","phoenix-tempe-beach-park","Phoenix","AZ","Park","Yes","No","Yes","No","No contact info; No amenities"
"970e6f81-fbcf-4386-8b47-7bb4ba57bedf","The Employee Network "employee discount program"","phoenix-the-employee-network-employee-discount-program","Phoenix","AZ","Zoo","Yes","No","Yes","No","No contact info; No amenities"
"1ff45b6b-c192-4f77-9cca-82199614c9bf","Base & Meridian Wildlife Area","phoenix-base-meridian-wildlife-area","Phoenix","AZ","Park","Yes","No","Yes","No","No contact info; No amenities"
"234776ba-674b-4532-849d-f710659a33b3","Lizards For Kids And More","phoenix-lizards-for-kids-and-more","Phoenix","AZ","Museum","Yes","No","Yes","No","No contact info; No amenities"
"5e3e1d09-01c5-4064-b2e1-0717619c3718","Desert Breeze Hummingbird Habitat","phoenix-desert-breeze-hummingbird-habitat","Phoenix","AZ","Park","Yes","No","Yes","No","No contact info; No amenities"
"abbde73b-d82d-4ded-9683-cbad608950ed","Golfland Sunsplash","phoenix-golfland-sunsplash","Phoenix","AZ","Recreation","Yes","No","Yes","No","No contact info; No amenities"
"3375a41c-52eb-4464-ad15-700c5c0b3956","Makutu's Island","phoenix-makutu-s-island","Phoenix","AZ","Recreation","Yes","No","Yes","No","No contact info; No amenities"
"95f85164-edd6-454c-b06e-db6bd328b2f9","Altitude Trampoline Park Phoenix","phoenix-altitude-trampoline-park-phoenix","Phoenix","AZ","Recreation","Yes","No","Yes","No","No contact info; No amenities"
"e41cb0ba-1666-42b5-9958-f91c388bb442","Arizona Science Center","phoenix-arizona-science-center","Phoenix","AZ","Museum","Yes","No","Yes","No","No contact info; No amenities"
"2831ecc2-2f14-4a84-8286-31aad6184097","Heard Museum","phoenix-heard-museum","Phoenix","AZ","Museum","Yes","No","Yes","No","No contact info; No amenities"
"598b9fe4-452f-4706-906c-afef12942763","Phoenix Art Museum","phoenix-phoenix-art-museum","Phoenix","AZ","Museum","Yes","No","Yes","No","No contact info; No amenities"
"ebac7ecb-3fb5-420b-917e-cce1ed3c1eaa","Children’s Museum of Phoenix","phoenix-children-s-museum-of-phoenix","Phoenix","AZ","Museum","Yes","No","Yes","No","No contact info; No amenities"
"43520623-dd1b-4919-9d3a-f6ffd95ed10d","McCormick-Stillman Railroad Park","phoenix-mccormick-stillman-railroad-park","Phoenix","AZ","Museum","Yes","No","Yes","No","No contact info; No amenities"
"6741449b-24b9-4252-9b2f-069fc18438c8","Arizona Capitol Museum","phoenix-arizona-capitol-museum","Phoenix","AZ","Museum","Yes","No","Yes","No","No contact info; No amenities"
"a4da3a33-9fa7-4668-afce-9a4bf54b024e","Buddy Stubbs Harley-Davidson","phoenix-buddy-stubbs-harley-davidson","Phoenix","AZ","Museum","Yes","No","Yes","No","No contact info; No amenities"
"d7f15896-37da-4d34-9157-b6b8a1b477bc","S'edav Va'aki Museum (formerly Pueblo Grande Museum)","phoenix-s-edav-va-aki-museum-formerly-pueblo-grande-museum","Phoenix","AZ","Museum","Yes","No","Yes","No","No contact info; No amenities"
"78024118-bd0f-4112-85e7-98f2b6b2da2d","Arizona Museum of Natural History","phoenix-arizona-museum-of-natural-history","Phoenix","AZ","Museum","Yes","No","Yes","No","No contact info; No amenities"
"fea06db9-d9b5-4177-a7b0-f0a5915da253","Cosanti Originals","phoenix-cosanti-originals","Phoenix","AZ","Museum","Yes","No","Yes","No","No contact info; No amenities"
"403eb4ef-38ed-48b7-8640-d6755dfdcda5","Hall of Flame Fire Museum","phoenix-hall-of-flame-fire-museum","Phoenix","AZ","Museum","Yes","No","Yes","No","No contact info; No amenities"
"96b0bca8-7f15-49bd-8b84-d01440a8e46c","Scottsdale Museum of Contemporary Art","phoenix-scottsdale-museum-of-contemporary-art","Phoenix","AZ","Museum","Yes","No","Yes","No","No contact info; No amenities"
"744d63e0-b1a2-43cb-bd6d-9875977c9688","Mesa Arts Center","phoenix-mesa-arts-center","Phoenix","AZ","Museum","Yes","No","Yes","No","No contact info; No amenities"
"993e7886-56a7-45a9-9980-045ef597cbaf","North Mountain Visitor Center","phoenix-north-mountain-visitor-center","Phoenix","AZ","Museum","Yes","No","Yes","No","No contact info; No amenities"
"e45d136f-d55b-4a24-8a3c-96f945a695cc","Fiesta Bowl Museum","phoenix-fiesta-bowl-museum","Phoenix","AZ","Museum","Yes","No","Yes","No","No contact info; No amenities"
"e153ead5-464c-4d9c-92f3-08773903c96c","ASU Art Museum","phoenix-asu-art-museum","Phoenix","AZ","Museum","Yes","No","Yes","No","No contact info; No amenities"
"3a6168ff-65e7-46c8-afe7-0981b1dcb576","Love and Hate Tattoo & Piercing","phoenix-love-and-hate-tattoo-piercing","Phoenix","AZ","Museum","Yes","No","Yes","No","No contact info; No amenities"
"49c6b419-1569-4959-b514-dc745c782ed4","Arizona Jewish Historical Society","phoenix-arizona-jewish-historical-society","Phoenix","AZ","Museum","Yes","No","No","No","No contact info; No hours; No amenities"
"7add3b03-e106-40a6-a2b5-46a48c68c5f4","Nina Mason Pulliam Rio Salado Audubon Center","phoenix-nina-mason-pulliam-rio-salado-audubon-center","Phoenix","AZ","Museum","Yes","No","Yes","No","No contact info; No amenities"
"35dae923-328c-4bba-9695-2ea382ab67ec","Tempe Sports Complex","phoenix-tempe-sports-complex","Phoenix","AZ","Park","Yes","No","Yes","No","No contact info; No amenities"
"5d72d58c-6a8c-49d6-aa1a-6532fa3cbbfb","Cholla Trailhead Camelback Mountain","phoenix-cholla-trailhead-camelback-mountain","Phoenix","AZ","Park","Yes","No","No","No","No contact info; No hours; No amenities"
"8c1fc433-8f15-40b4-aac4-8a588cb45bbf","Butterfly Wonderland","phoenix-butterfly-wonderland","Phoenix","AZ","Park","Yes","No","Yes","No","No contact info; No amenities"
"d373f81d-7e1f-495e-aede-68a8df06fc8c","CMSRU Library","philadelphia-cmsru-library","Philadelphia","PA","Library","Yes","No","Yes","No","No contact info; No amenities"
"6eee0fd9-8036-457e-a594-310c08649597","Desert Botanical Garden: Corporate Event and Group Sales","phoenix-desert-botanical-garden-corporate-event-and-group-sales","Phoenix","AZ","Park","Yes","No","Yes","No","No contact info; No amenities"
"035f11e3-0394-4418-a601-8048dbf86c81","South Mountain Park and Preserve","phoenix-south-mountain-park-and-preserve","Phoenix","AZ","Park","Yes","No","Yes","No","No contact info; No amenities"
"0451e843-dd69-4d3f-bbbd-06199ffbb469","Enchanted Island Amusement Park","phoenix-enchanted-island-amusement-park","Phoenix","AZ","Park","Yes","No","Yes","No","No contact info; No amenities"
"6479a4e0-9a9e-4268-a974-af284693a7f0","Japanese Friendship Garden of Phoenix","phoenix-japanese-friendship-garden-of-phoenix","Phoenix","AZ","Park","Yes","No","Yes","No","No contact info; No amenities"
"33731472-c93d-4c57-9eaa-a2ee03eb7be7","Papago Park","phoenix-papago-park","Phoenix","AZ","Park","Yes","No","Yes","No","No contact info; No amenities"
"5b1b2e9e-46ba-4675-8f98-ef5fd63b6bc2","Roadrunner Park","phoenix-roadrunner-park","Phoenix","AZ","Park","Yes","No","Yes","No","No contact info; No amenities"
"9ca52df2-f203-42f1-9e78-d4492608a211","Eldorado Park","phoenix-eldorado-park","Phoenix","AZ","Park","Yes","No","Yes","No","No contact info; No amenities"
"a77fda0d-0cb9-4e7c-b04f-b572de595f7b","Benedict Sports Complex","phoenix-benedict-sports-complex","Phoenix","AZ","Park","Yes","No","Yes","No","No contact info; No amenities"
"5d8dbb41-c212-456f-97e8-763a35165eff","Echo Canyon Recreation Area","phoenix-echo-canyon-recreation-area","Phoenix","AZ","Park","Yes","No","No","No","No contact info; No hours; No amenities"
"66b2a2e3-a3e8-4a1d-ba8c-9be91503a782","Pima Canyon Trailhead","phoenix-pima-canyon-trailhead","Phoenix","AZ","Park","Yes","No","Yes","No","No contact info; No amenities"
"f70ae937-0ae6-4c50-a991-755805bdd42f","The Wright House","phoenix-the-wright-house","Phoenix","AZ","Park","Yes","No","Yes","No","No contact info; No amenities"
"6c1791e7-d5bf-47ae-a261-56bf910eacc2","Lookout Mountain Preserve","phoenix-lookout-mountain-preserve","Phoenix","AZ","Park","Yes","No","Yes","No","No contact info; No amenities"
"ffd0279a-c43a-4cce-a3f0-1ceb5bcd3246","Green Acres Mortuary & Cemetery","phoenix-green-acres-mortuary-cemetery","Phoenix","AZ","Park","Yes","No","Yes","No","No contact info; No amenities"
"4a97b123-2c25-4f53-8164-0095d567eebb","Glendale Community College","phoenix-glendale-community-college","Phoenix","AZ","Library","Yes","No","No","No","No contact info; No hours; No amenities"
"74274652-f3d1-407a-92d5-281ba678f20e","Burton Barr Central Library","phoenix-burton-barr-central-library","Phoenix","AZ","Library","Yes","No","Yes","No","No contact info; No amenities"
"52c172b5-1906-4ce5-8433-905e94389300","St. Joseph's Hospital and Medical Center : Health Sciences Library","phoenix-st-joseph-s-hospital-and-medical-center-health-sciences-library","Phoenix","AZ","Library","No","No","Yes","No","No photos; No contact info; No amenities"
"4a2b61e3-d3b8-41c0-a486-389dfbd047c8","Civic Center Library","phoenix-civic-center-library","Phoenix","AZ","Library","Yes","No","Yes","No","No contact info; No amenities"
"5e6f05fb-7055-43a7-b48d-b8271ec02b18","Health Sciences Library (not open to public)","phoenix-health-sciences-library-not-open-to-public","Phoenix","AZ","Library","No","No","No","No","No photos; No contact info; No hours; No amenities"